row_id,original_label,reasons,pred_original,conf_original,pred_balanced,conf_balanced,pred_cleaned,conf_cleaned,models_matching_original
28,2,centroid_outlier;isolation_forest_outlier;knn_outlier,2,0.9999996686077582,2,0.9999993524929021,2,0.9998450288368131,3
108,0,isolation_forest_outlier,0,0.999999184551687,0,0.999989103892316,0,0.9999989932306945,3
134,1,centroid_outlier,1,0.9971387699711235,1,0.9936562106636464,3,0.87805885665716,2
220,2,isolation_forest_outlier,2,0.9999998640531536,2,0.9999999797360744,2,0.9999999997060567,3
222,4,centroid_outlier,4,0.9999992369476731,4,0.9990793122732816,4,0.9999731880583146,3
224,1,centroid_outlier;intensity_outlier,1,0.9991113915176739,7,0.7261289217440045,2,0.6896069802290785,1
229,0,isolation_forest_outlier,0,0.9999999209608026,0,0.9999999973240468,0,0.9999999954895806,3
418,8,intensity_outlier,8,0.961383889965046,5,0.4821459231366749,5,0.5911073531100851,1
440,0,isolation_forest_outlier,0,0.999993396926135,0,0.9998566088913854,0,0.9999751806002466,3
528,8,isolation_forest_outlier,8,0.9995397890845882,8,0.9639890640710012,8,0.8973272583161198,3
670,3,centroid_outlier;isolation_forest_outlier,3,0.9962463900026703,2,0.9785875297736693,2,0.9991255432582113,1
756,8,intensity_outlier,8,0.9999999236686314,8,0.9999336804240734,8,0.999904887180737,3
828,4,centroid_outlier,4,0.9999622919417961,6,0.5563603989370238,4,0.9974807120318665,2
872,0,isolation_forest_outlier,0,0.9999979361522053,0,0.9999998390770554,0,0.9999999243654547,3
1028,0,isolation_forest_outlier,0,0.9999997152839442,0,0.9999914328283446,0,0.9999999328796584,3
1030,4,centroid_outlier;intensity_outlier;knn_outlier,4,0.9950217871454202,4,0.6462479125566497,4,0.9140237640486257,3
1097,3,knn_outlier,3,0.9999381067862909,3,0.9872223380724103,2,0.6048766212996627,2
1168,0,intensity_outlier,0,0.9999673190661587,0,0.9982861677519252,0,0.9998479768036707,3
1199,2,isolation_forest_outlier,2,0.9999999196143603,2,0.9999999999754248,2,0.9999999999983957,3
1215,4,intensity_outlier,4,0.9999998966086607,4,0.9999998010809035,4,0.999999800014669,3
1239,8,knn_outlier,8,0.9990669447484775,8,0.9987717248046488,7,0.6593837971710654,2
1259,1,intensity_outlier,1,0.9995235407753648,1,0.6788366646545775,8,0.9160205745239752,2
1262,2,isolation_forest_outlier,2,0.999996165920702,2,0.999999639650913,2,0.999994710270885,3
1267,8,intensity_outlier,8,0.9999999961165673,8,0.9999935740177593,8,0.9999968781490305,3
1269,6,intensity_outlier,6,0.9998727313321222,6,0.9980846597369638,6,0.9996478259754373,3
1271,4,intensity_outlier,4,0.9994418681446274,4,0.9995367340946375,4,0.995885338092853,3
1273,4,intensity_outlier,4,0.9999995767096568,4,0.9999998431470574,4,0.9999999714408051,3
1274,3,intensity_outlier,3,0.9998533027776543,3,0.9907218263141996,3,0.9999182072634551,3
1287,1,intensity_outlier,1,0.9977644218113564,1,0.7251252134589008,8,0.8521072354296132,2
1360,3,intensity_outlier,3,0.9999800004739551,3,0.9008939349498829,3,0.9658916103277414,3
1365,1,intensity_outlier,1,0.9999792536057855,1,0.9972674323860938,1,0.6453279433720158,3
1375,1,intensity_outlier,1,0.997347695472897,8,0.9632712835628636,8,0.9687800116465752,1
1420,5,centroid_outlier;isolation_forest_outlier,5,0.999999947437927,5,0.9999980922471292,5,0.9999942126319212,3
1448,4,centroid_outlier,4,0.9992617900222501,4,0.9999881380656287,4,0.9728101021231087,3
1466,6,centroid_outlier;intensity_outlier,6,0.9999999237810713,6,0.999999999999758,6,0.9999999999994222,3
1480,7,intensity_outlier,7,0.9999993372281327,7,0.9985792806211098,7,0.9999382445431957,3
1558,2,isolation_forest_outlier,2,0.9999991723171446,2,0.9999999661383785,2,0.9999999208555659,3
1618,7,centroid_outlier;intensity_outlier,7,0.9999930190223751,7,0.9316247903068118,7,0.9903585039136429,3
1682,0,knn_outlier,0,0.9999718759254327,0,0.982028262329291,0,0.9966682056706863,3
1852,2,intensity_outlier,2,0.9998566759547124,2,0.9999814347182925,2,0.924770809392767,3
1963,0,intensity_outlier,0,0.9999872827113527,0,0.9998272735422828,0,0.9999752907004374,3
1987,2,isolation_forest_outlier,2,0.999996801427137,2,0.9999999999881499,2,0.9999999999791098,3
1988,2,intensity_outlier,2,0.9955286370386952,2,0.9953427505624458,2,0.9847778900214629,3
1999,0,intensity_outlier,0,0.9999998125043416,0,0.9991043466195483,0,0.9999634391205553,3
2019,2,centroid_outlier,2,0.9999633703567238,2,0.9999999999999998,2,0.9999999999996281,3
2034,4,knn_outlier,4,0.9999201877969511,4,0.9889657918979291,4,0.9758947959087012,3
2073,2,isolation_forest_outlier,2,0.9999971359880115,2,0.9999999999999696,2,0.9999999999999998,3
2077,8,intensity_outlier,8,0.9999999931680463,8,0.9999976328459385,8,0.9999999814835677,3
2118,7,centroid_outlier,7,0.9998922824870158,7,0.9929504102177232,7,0.9452092615156842,3
2268,5,knn_outlier,5,0.9998563662001416,5,0.9999979523677062,5,0.9999999656096691,3
2292,7,centroid_outlier,7,0.999812538319578,7,0.970628531217882,7,0.9954850585130645,3
2532,0,isolation_forest_outlier,0,0.9999945831974755,0,0.9999998693433043,0,0.999999997857659,3
2571,5,isolation_forest_outlier,5,0.999991674900947,5,0.9995458926635137,5,0.9999850219581051,3
2586,0,isolation_forest_outlier,0,0.9999997393920441,0,0.9999340508292761,0,0.9999981559041135,3
2652,3,full_duplicate;intensity_outlier;same_label_duplicate,3,0.9998533027776543,3,0.9907218263141996,3,0.9999182072634551,3
2736,0,isolation_forest_outlier,0,0.9999999605448708,0,0.9999999988808101,0,0.9999999999451878,3
2741,6,isolation_forest_outlier,6,0.9999906432947093,6,0.9999995920921548,6,0.999999715748509,3
2745,0,isolation_forest_outlier,0,0.9999991560521636,0,0.9999999419302166,0,0.9999999981438217,3
2761,8,knn_outlier,8,0.9993336910370734,8,0.9958552383585834,8,0.9994609162847901,3
2773,4,centroid_outlier,4,0.9999986060262316,4,0.9999790662576249,4,0.9999953942750852,3
2777,6,isolation_forest_outlier,6,0.9999972716939641,6,0.9999986238364558,6,0.9999991346104574,3
2781,8,isolation_forest_outlier;knn_outlier,8,0.9999939428060144,8,0.9994063000097109,8,0.9999454170548038,3
2796,3,intensity_outlier,3,0.9999995734647619,3,0.9999998941516038,3,0.9999975317525422,3
2862,6,isolation_forest_outlier,6,0.9997851953706927,6,0.8141214639557928,6,0.9985884944130683,3
2880,6,isolation_forest_outlier,6,0.9994708459480431,6,0.9999395904807098,2,0.7814072897997061,2
3026,8,isolation_forest_outlier,8,0.9991716041090871,8,0.9995450745592768,4,0.8146425981480441,2
3070,1,centroid_outlier,1,0.9862239157017545,1,0.872710422599642,1,0.8528343938765454,3
3106,0,intensity_outlier;knn_outlier,0,0.9996000195894859,0,0.980630009937728,0,0.9997944430867218,3
3308,2,intensity_outlier,2,0.9994043961247919,2,0.9977207467640905,2,0.9248176795811438,3
3362,2,knn_outlier,2,0.9999228766457474,2,0.9999972950150892,2,0.9999488897174555,3
3370,4,centroid_outlier;intensity_outlier;knn_outlier,4,0.9997620269145174,4,0.995131227478465,4,0.9995796935684798,3
3371,3,isolation_forest_outlier,3,0.9999143371389164,3,0.9987410735755526,3,0.995935646301145,3
3392,6,knn_outlier,6,0.9986304181758937,8,0.9653964263034098,8,0.8764178041350351,1
3502,8,isolation_forest_outlier,8,0.9999984522637976,8,0.9996477134746364,8,0.9986876786238418,3
3524,6,centroid_outlier;intensity_outlier;knn_outlier,6,0.9991202965037089,6,0.9939752559432838,6,0.7459254560884635,3
3590,0,isolation_forest_outlier,0,0.9999528526360497,0,0.9999712679689069,0,0.9999995982842245,3
3659,2,isolation_forest_outlier,2,0.9999999982424079,2,0.9999999999996654,2,0.999999999999998,3
3676,2,centroid_outlier,2,0.9999957739521242,2,0.9999711362015384,2,0.9999997580688381,3
3691,0,knn_outlier,0,0.9985326898048903,0,0.9926648461430237,0,0.9741135760162307,3
3762,8,knn_outlier,8,0.9991959888202423,8,0.993579413871789,8,0.99781335552074,3
3768,5,isolation_forest_outlier,5,0.9997023688873062,5,0.9989909626873252,5,0.920951283446894,3
3848,2,isolation_forest_outlier,2,0.9999965315384761,2,0.9999990838559605,2,0.999996702937658,3
3980,2,knn_outlier,2,0.9991211414009199,2,0.8798998832351355,2,0.9922078539407222,3
4045,3,intensity_outlier,3,0.9995777342457367,3,0.7982607129135885,3,0.9732524870888054,3
4058,8,knn_outlier,8,0.9999940252438553,8,0.8445231921564486,4,0.7690141853498744,2
4066,1,centroid_outlier;intensity_outlier;knn_outlier,1,0.9991001585811468,5,0.4579196195759163,5,0.7055607339567165,1
4114,4,centroid_outlier,4,0.9999886349099237,4,0.9966102250732454,4,0.9999963251076901,3
4201,0,intensity_outlier,0,0.997925536412647,0,0.25424905950741306,0,0.9389696207062833,3
4226,7,centroid_outlier,7,0.9999989638632727,7,0.9999480117440059,7,0.9998752746444761,3
4360,6,centroid_outlier;isolation_forest_outlier,6,0.9999992125815048,6,0.9999916535813939,6,0.9999912833177571,3
4462,5,centroid_outlier;intensity_outlier,5,0.9999994693601382,5,0.9999999994821356,5,0.999999980107231,3
4502,1,centroid_outlier;intensity_outlier,1,0.9984653419748213,2,0.9986974763985411,2,0.9999994056089765,1
4721,4,isolation_forest_outlier,4,0.999998103503349,4,0.9999759356677084,4,0.9996719548747052,3
4723,5,isolation_forest_outlier,5,0.9999998287116165,5,0.9999996875283735,5,0.9999862976677416,3
4725,7,isolation_forest_outlier,7,0.9999996219397732,7,0.999999962234608,7,0.9999688211904231,3
4727,8,centroid_outlier;isolation_forest_outlier;knn_outlier,8,0.9997556005395783,8,0.9926746105487122,8,0.992517855835054,3
4754,3,centroid_outlier;intensity_outlier,3,0.9993696047138796,3,0.9991040116005067,3,0.9898844328619395,3
4761,8,knn_outlier,8,0.9996363778659408,8,0.9465375843328012,8,0.9986134993855716,3
4767,8,centroid_outlier;knn_outlier,8,0.9999567532020411,8,0.9989573859586963,8,0.994368910687523,3
4793,0,isolation_forest_outlier,0,0.9999958418173164,0,0.999997673124789,0,0.9999999041512099,3
4797,8,centroid_outlier,8,0.9999541010115476,8,0.9922830716160072,8,0.9962654508305012,3
4799,7,centroid_outlier,7,0.999999401468516,7,0.9999992257199273,7,0.9999395372190664,3
4801,5,knn_outlier,5,0.999991916805008,5,0.9866888596788979,5,0.9999995176028622,3
4820,5,centroid_outlier;isolation_forest_outlier,5,0.9999075647738447,5,0.9999627717292365,5,0.9896024455914825,3
4829,4,centroid_outlier,4,0.999999948210047,4,0.9999889768845566,4,0.9999997048577886,3
4841,6,centroid_outlier,6,0.9999999754575352,6,0.9999999999904241,6,0.9999999997765572,3
4863,7,centroid_outlier,7,0.9999752685518482,7,0.999959439305181,7,0.9980942574612985,3
4873,8,knn_outlier,8,0.9999171761598038,8,0.9977460416898074,8,0.5484012941947428,3
4875,7,centroid_outlier,7,0.9999999120987524,7,0.9999999930614307,7,0.9999999816500537,3
4891,3,isolation_forest_outlier,3,0.9999999974578795,3,0.9999999997764184,3,0.9999999999587037,3
4909,8,centroid_outlier;knn_outlier,8,0.9998367959444278,8,0.998552379547464,0,0.8175095664706391,2
5013,2,knn_outlier,2,0.991261724968093,2,0.9965926941832487,5,0.5020347438663871,2
5113,2,knn_outlier,2,0.9999884176204074,2,0.9977645311403396,2,0.5819816053123766,3
5129,2,centroid_outlier;isolation_forest_outlier;knn_outlier,2,0.9936630969595944,2,0.9897729088221003,5,0.7266754353760225,2
5227,2,isolation_forest_outlier,2,0.9999999122249147,2,0.99999012961549,2,0.9999164879451754,3
5250,2,isolation_forest_outlier,2,0.9995307032377085,2,0.9998437704326504,2,0.9908375392284148,3
5288,0,intensity_outlier,0,0.9999993829362466,0,0.9994839338481143,0,0.9988204510870918,3
5298,0,intensity_outlier,0,0.9873274822700883,4,0.9929812095063866,4,0.931042124980192,1
5348,8,knn_outlier,8,0.9999987723374114,8,0.999755049900462,8,0.9999519634241616,3
5422,7,centroid_outlier;intensity_outlier;knn_outlier,7,0.9997876778913745,7,0.9860754381359685,9,0.39748632039621573,2
5430,8,knn_outlier,8,0.9998166218481137,8,0.9981444159421407,8,0.6681723261947673,3
5474,8,knn_outlier,8,0.9999746003134314,8,0.9965750505025291,8,0.9993816499828484,3
5503,3,full_duplicate;intensity_outlier;same_label_duplicate,3,0.9995777342457367,3,0.7982607129135885,3,0.9732524870888054,3
5842,1,centroid_outlier;intensity_outlier,1,0.9999224239446323,2,0.7516914785257226,2,0.9613586334457059,1
5895,2,isolation_forest_outlier,2,0.9999997797519268,2,0.9999999051704614,2,0.999999998764062,3
5967,3,intensity_outlier,3,0.9999532913979572,3,0.9999664654863871,3,0.9998552452444396,3
5972,8,centroid_outlier;intensity_outlier;isolation_forest_outlier;knn_outlier,8,0.9997425160773943,8,0.9539216117025623,2,0.7339464608800942,2
5973,6,intensity_outlier,6,0.9999851586287298,6,0.9994298954805773,6,0.9992088299701578,3
5975,7,intensity_outlier,7,0.9999981852133416,7,0.9999748981465488,7,0.9999861336087652,3
5982,4,centroid_outlier,4,0.9999999389259409,4,0.9997867087030028,4,0.9999961006690224,3
5995,7,intensity_outlier,7,0.9999999854320549,7,0.9999998068679736,7,0.9999999921375889,3
6013,6,intensity_outlier,6,0.9999998503900951,6,0.9999999994684983,6,0.9999999990736863,3
6066,8,knn_outlier,8,0.4974012308625271,8,0.6474483805198081,5,0.7426868770340412,2
6069,3,intensity_outlier,3,0.999998981200117,3,0.9999992253027306,3,0.9999951214595493,3
6080,2,intensity_outlier,2,0.9999944419364778,2,0.997572942153741,2,0.997556134559004,3
6152,8,knn_outlier,8,0.9999691439408764,8,0.9999746154525551,8,0.9967827351555305,3
6155,3,centroid_outlier;intensity_outlier,3,0.9960858466692822,3,0.9719343202047906,3,0.7791210784075491,3
6197,1,intensity_outlier,1,0.9943573312790096,1,0.9559170363138777,8,0.9349640574034848,2
6428,3,knn_outlier,3,0.9732906174511589,3,0.9997474191653641,7,0.8423511631564571,2
6580,8,isolation_forest_outlier,8,0.9999188138831927,8,0.9998159327754396,8,0.9995651137656413,3
6708,0,intensity_outlier,0,0.9996800360616866,0,0.999389241024554,0,0.9996985837951565,3
6769,3,centroid_outlier,3,0.9999067997972865,3,0.9992952917481062,3,0.866355506866344,3
6802,0,isolation_forest_outlier,0,0.9999820521897353,0,0.999977914154065,0,0.9999979287149924,3
6830,5,isolation_forest_outlier,5,0.9999926011623549,5,0.999999999949202,5,0.9999999997309021,3
6858,3,full_duplicate;intensity_outlier;same_label_duplicate,3,0.9995777342457367,3,0.7982607129135885,3,0.9732524870888054,3
6860,2,isolation_forest_outlier,2,0.9999943839621837,2,0.9999997908814711,2,0.9999972968773462,3
6865,4,intensity_outlier,4,0.9999982357062108,4,0.9999969673885095,4,0.9999996585762394,3
6885,1,centroid_outlier;intensity_outlier,1,0.9421688556779056,8,0.9876049602339646,8,0.9731363916031647,1
6898,3,isolation_forest_outlier,3,0.9997099607295376,3,0.9995510711360537,3,0.8250111784415854,3
6979,0,knn_outlier,0,0.9952553873767417,0,0.89832057021457,0,0.978014865398471,3
6993,3,isolation_forest_outlier,3,0.999999989181059,3,0.9999999999931073,3,0.9999999999999991,3
7010,7,centroid_outlier,7,0.9990655166035008,4,0.9999869363427801,4,0.9832016550420748,1
7016,3,intensity_outlier,3,0.9998862800462532,5,0.8741382141375268,5,0.7409813180036733,1
7033,7,centroid_outlier,7,0.999749753220968,7,0.9810447465651417,7,0.9886126461784916,3
7052,0,isolation_forest_outlier,0,0.9999986102513251,0,0.999977657155498,0,0.9999959994170453,3
7096,6,isolation_forest_outlier,6,0.9999999838321347,6,0.9999999999511235,6,0.9999999995165869,3
7160,1,centroid_outlier;intensity_outlier,1,0.999977878654531,1,0.9999458473918296,1,0.9882329339137622,3
7190,8,centroid_outlier,8,0.9999998632599083,8,0.9999848340864395,8,0.9999985209296739,3
7198,3,centroid_outlier,3,0.9998628183208739,3,0.9999901674364589,3,0.9961325557237481,3
7244,5,isolation_forest_outlier,5,0.9999990160409981,5,0.9999999790987106,5,0.9999998784222836,3
7311,5,intensity_outlier,5,0.9999999708858271,5,0.999998325516143,5,0.9999996839622276,3
7313,2,intensity_outlier,2,0.9999999819208708,2,0.9999976263294704,2,0.9999974834814154,3
7328,8,knn_outlier,8,0.9999998895651283,8,0.9999994851058089,8,0.9999978382366638,3
7354,5,centroid_outlier,5,0.9999864310826911,3,0.618544068217832,5,0.9942570722777294,2
7437,7,centroid_outlier,7,0.9999996540821647,7,0.999851006402283,7,0.5397768298020406,3
7596,4,knn_outlier,4,0.9999853042214207,4,0.8994585489169968,4,0.9874682297553783,3
7631,1,centroid_outlier;intensity_outlier,1,0.9999374852481602,1,0.9999800256765705,1,0.972911479792455,3
7670,5,isolation_forest_outlier,5,0.999999767389054,5,0.9999780604160674,5,0.9994213901299039,3
7671,1,centroid_outlier,1,0.999999603635166,1,0.9999920315620106,1,0.9984610407525829,3
7727,3,isolation_forest_outlier,3,0.9999999776591175,3,0.9999998536121312,3,0.9999986525323568,3
7768,8,isolation_forest_outlier;knn_outlier,8,0.9999449800030322,8,0.7038539843766611,5,0.6253946067321515,2
7851,8,knn_outlier,8,0.9990152867675424,8,0.997768187123028,0,0.9999999945181792,2
7877,1,intensity_outlier,1,0.9998448410916349,1,0.9860889768475182,1,0.822059791752591,3
7889,7,intensity_outlier,7,0.9999998682208695,7,0.9999929421220882,7,0.9999852908665963,3
7923,8,isolation_forest_outlier,8,0.9999773364574647,8,0.9999671038286329,8,0.8001250335087576,3
7979,8,centroid_outlier,8,0.9999930876777129,8,0.9999914190728997,8,0.9989720253226309,3
7990,6,centroid_outlier;isolation_forest_outlier,6,0.9999006244388089,6,0.9997123817418515,6,0.9999869747847686,3
8047,8,knn_outlier,8,0.9999843657959114,8,0.9947144885106721,8,0.9999721717203527,3
8082,2,isolation_forest_outlier,2,0.9999998367196785,2,0.9999912056244633,2,0.9999999856808313,3
8093,0,knn_outlier,0,0.9978497435369573,0,0.43234406026955385,0,0.522055578825328,3
8257,2,knn_outlier,2,0.9999930471408266,2,0.9942336974437525,2,0.9962491557476997,3
8389,7,intensity_outlier,7,0.999998123853807,7,0.9996988784949199,7,0.9999426233521332,3
8447,3,centroid_outlier,3,0.9957038490008049,5,0.8698172908683338,5,0.707670760205322,1
8449,0,centroid_outlier,0,0.9979411224274011,4,0.6704119426673113,4,0.980081334552284,1
8451,1,intensity_outlier,1,0.9999447485723104,1,0.9957891554182883,1,0.6147453212174354,3
8453,2,centroid_outlier;intensity_outlier;isolation_forest_outlier;knn_outlier,2,0.9999219068883705,2,0.9999999983702164,2,0.9999999985404691,3
8455,3,intensity_outlier,3,0.9999998273614816,3,0.9999889974434024,3,0.9999723295973384,3
8471,1,intensity_outlier,1,0.9992366175463655,1,0.930228049997397,1,0.6239543956148617,3
8475,3,intensity_outlier,3,0.9999993709224697,3,0.9995343028106577,3,0.9987487992987841,3
8477,4,intensity_outlier,4,0.9999997111411763,4,0.9998507734678412,4,0.9999780617094008,3
8488,6,centroid_outlier;intensity_outlier;knn_outlier,6,0.9991057261282995,6,0.9733872927877314,6,0.5156947256232723,3
8493,2,intensity_outlier;knn_outlier,2,0.9998056772190717,2,0.9701203665234586,2,0.9998989693423341,3
8511,7,intensity_outlier,7,0.9999999348128628,7,0.9999999922338184,7,0.9999999935424959,3
8516,7,centroid_outlier,7,0.9999994699627897,7,0.9999999277930492,7,0.9999998994775644,3
8517,7,intensity_outlier,7,0.9999998185479421,7,0.9999810841257577,7,0.9999997008190027,3
8551,3,intensity_outlier,3,0.999954316069176,3,0.9999937373489189,3,0.9999999808816954,3
8552,2,centroid_outlier,2,0.995184626680915,2,0.9999090434368958,2,0.99758278381529,3
8676,5,centroid_outlier;knn_outlier,5,0.9996453415940584,5,0.9991089331277768,5,0.9681009005588119,3
8680,8,knn_outlier,8,0.9994915997234144,8,0.9823172537153343,0,0.40800576849213716,2
8729,3,centroid_outlier,3,0.9948118773650202,7,0.9999995905376426,7,0.9999998331679091,1
8763,0,isolation_forest_outlier,0,0.9999961052269718,0,0.9999528393329484,0,0.9999980855998366,3
8830,3,isolation_forest_outlier,3,0.9999574406778743,3,0.9999595578354029,3,0.9995786643603884,3
8895,1,centroid_outlier,1,0.999998834255539,1,0.9999987936111486,1,0.9968704586061454,3
8904,1,centroid_outlier,1,0.9969840281107928,2,0.5118049796740644,2,0.9999339098965505,1
8978,2,knn_outlier,2,0.9994785477215616,2,0.9997237240057127,2,0.6875229286462772,3
9000,6,centroid_outlier,6,0.9999961219283169,6,0.9999989015545787,6,0.999999986388115,3
9016,6,isolation_forest_outlier,6,0.9999981351043972,6,0.9999999965176216,6,0.9999999966178119,3
9046,4,intensity_outlier,4,0.999989245169607,4,0.9996869210402923,4,0.999833663168889,3
9142,0,isolation_forest_outlier,0,0.9999995964409246,0,0.9999994728861693,0,0.9999986410708246,3
9164,8,intensity_outlier,8,0.9998523839437644,8,0.8622909814723131,8,0.9892638273716425,3
9202,6,isolation_forest_outlier,6,0.9999996796852935,6,0.9999998214102331,6,0.9999973643916802,3
9256,1,centroid_outlier;intensity_outlier,1,0.9994307935139667,1,0.6359351614602422,8,0.48867429432012316,2
9304,3,centroid_outlier;intensity_outlier,3,0.9992049917691804,3,0.9951642953007299,2,0.621667402336299,2
9345,8,isolation_forest_outlier,8,0.99999995675004,8,0.9999990701460051,8,0.9999999532900605,3
9433,7,centroid_outlier,7,0.9944237028960572,7,0.8650765802408131,4,0.9974885824668632,2
9468,6,centroid_outlier;isolation_forest_outlier,6,0.9999978427728236,6,0.9999994341257434,6,0.9999997916420528,3
9485,0,isolation_forest_outlier,0,0.9999995202809261,0,0.9999999995660405,0,0.9999999999257174,3
9505,0,isolation_forest_outlier,0,0.9999607031902075,0,0.9983621139571776,0,0.9591111906521196,3
9523,0,isolation_forest_outlier,0,0.9999997858530597,0,0.9999999996385578,0,0.9999999999085012,3
9608,8,knn_outlier,8,0.9999380015881006,8,0.9578121928385168,8,0.9160851883776578,3
9687,0,isolation_forest_outlier;knn_outlier,0,0.9998485693789271,0,0.939351870633022,0,0.9175123410021534,3
9699,0,isolation_forest_outlier,0,0.9999984617746316,0,0.9999999944430769,0,0.9999999994614217,3
9727,2,knn_outlier,2,0.9998969612464224,2,0.9995944600915799,2,0.9999907730989909,3
9777,2,isolation_forest_outlier,2,0.9999997804343421,2,0.9999987471972297,2,0.9999999396540661,3
9789,8,knn_outlier,8,0.9999998746635707,8,0.9991843258327393,8,0.9972829353649597,3
9804,1,centroid_outlier,1,0.9998484991863922,1,0.8913299212824606,1,0.9754457374847759,3
9850,2,isolation_forest_outlier,2,0.9999999981117695,2,0.9999999999999991,2,1.0,3
9937,8,isolation_forest_outlier,8,0.9999999518446218,8,0.9999230379003647,8,0.999989583428387,3
9952,8,intensity_outlier;knn_outlier,8,0.99758304955453,8,0.9994916108054818,8,0.9996837656151992,3
9983,0,isolation_forest_outlier,0,0.9999996712023071,0,0.999999719169387,0,0.9999999851344672,3
10012,8,centroid_outlier;isolation_forest_outlier,8,0.999979190092625,3,0.5861497045966467,8,0.9709084842196432,2
10042,3,isolation_forest_outlier,3,0.9999801447130465,3,0.9994717809144573,2,0.9999999976049725,2
10055,3,centroid_outlier,3,0.997839302134599,3,0.9967642549292347,0,0.9986969527188578,2
10105,3,centroid_outlier;full_duplicate;same_label_duplicate,3,0.9998628183208739,3,0.9999901674364589,3,0.9961325557237481,3
10203,0,intensity_outlier,0,0.9999924536688019,0,0.893420768969704,0,0.9962548811970454,3
10205,1,centroid_outlier;intensity_outlier,1,0.9989144752554857,8,0.9036171832126139,8,0.9871463609423604,1
10207,2,centroid_outlier;intensity_outlier;knn_outlier,2,0.9992272238606326,2,0.9319330221823781,2,0.9992163309133828,3
10209,4,intensity_outlier,4,0.9999937930872768,4,0.999957887466203,4,0.9999227003686534,3
10210,3,isolation_forest_outlier,3,0.9999916288976516,3,0.999963310694248,3,0.9999818600560783,3
10211,5,intensity_outlier,5,0.9871190429559431,5,0.9906863539970298,6,0.5284329543109256,2
10215,7,intensity_outlier,7,0.9897687662659238,7,0.9890820851224634,7,0.6262204223050114,3
10217,8,intensity_outlier,8,0.9998833184346647,8,0.998513303422027,8,0.9868246539534943,3
10218,6,intensity_outlier;isolation_forest_outlier;knn_outlier,6,0.9814262598079736,6,0.7934729463705751,6,0.9933013426545253,3
10227,5,intensity_outlier,5,0.9999567970779599,5,0.9999828058044341,5,0.989768216284992,3
10229,6,intensity_outlier,6,0.9999951789333261,6,0.9999662809458876,6,0.999990540724904,3
10231,7,intensity_outlier,7,0.9999999401432254,7,0.9999968123186441,7,0.9999624606918508,3
10233,8,intensity_outlier,8,0.9999990395015403,8,0.9994814210736234,8,0.9999769497953376,3
10237,0,intensity_outlier,0,0.999993564078723,0,0.9998706905394218,0,0.9999993326822122,3
10239,1,intensity_outlier,1,0.9988672903215371,1,0.9215453336708167,8,0.7414185335193211,2
10241,4,intensity_outlier,4,0.9995724525187615,4,0.7674406245146753,4,0.9464452424866642,3
10245,0,intensity_outlier,0,0.9999897205641175,8,0.4735937685139182,0,0.8200164120678053,2
10257,1,centroid_outlier;intensity_outlier,1,0.9994842197185309,1,0.999984390203914,1,0.9998550710951226,3
10259,0,centroid_outlier;intensity_outlier,0,0.9998879366778515,0,0.9705736019191135,0,0.9548626657471015,3
10263,7,intensity_outlier,7,0.999989842272944,7,0.9999993614760554,7,0.999633689694207,3
10265,0,centroid_outlier;knn_outlier,0,0.9999536179267691,0,0.9975190530146627,0,0.9998835509074442,3
10267,1,intensity_outlier,1,0.995382881371739,1,0.9860256310403946,1,0.6429509496988691,3
10269,4,centroid_outlier;intensity_outlier,4,0.9999756002406145,4,0.999981394286437,4,0.9999965075051245,3
10271,6,intensity_outlier,6,0.9999731360310202,6,0.9996580659295093,6,0.9999196475527189,3
10277,5,intensity_outlier,5,0.9983718902937027,5,0.9996561232671801,8,0.8941165074017388,2
10283,0,intensity_outlier,0,0.9998246749707788,0,0.9668732031770753,0,0.9917088277266922,3
10285,1,intensity_outlier,1,0.9998852329893534,1,0.9021040187058569,8,0.9716606953283297,2
10291,2,isolation_forest_outlier,2,0.9999775283764765,2,0.9999983338033434,2,0.9999995570306882,3
10297,7,intensity_outlier,7,0.9993874104671251,7,0.9938411827801646,7,0.996975832521936,3
10301,1,intensity_outlier,1,0.9988784044424467,1,0.9123858631830764,8,0.8965798203323324,2
10303,4,intensity_outlier,4,0.9999948949690173,4,0.9997794485567693,4,0.9999755810096354,3
10350,4,centroid_outlier;isolation_forest_outlier,4,0.9999999215140957,4,0.9999995277538282,4,0.9999999283957934,3
10513,8,isolation_forest_outlier;knn_outlier,8,0.9999609414733439,8,0.996030414538899,8,0.9997064698091209,3
10515,8,isolation_forest_outlier,8,0.9999996550637491,8,0.9974090659594863,8,0.9999822142592537,3
10736,4,centroid_outlier;isolation_forest_outlier,6,0.9716303514211043,6,0.9961997539963761,6,0.9987107812266662,0
10752,3,centroid_outlier;full_duplicate;same_label_duplicate,3,0.9948118773650202,7,0.9999995905376426,7,0.9999998331679091,1
10768,4,centroid_outlier,4,0.9999997972480517,4,0.9999992227313761,4,0.9999998611000214,3
10780,3,isolation_forest_outlier,3,0.9998430378374605,3,0.71210801918814,8,0.5858034141772205,2
10785,2,isolation_forest_outlier,2,0.9999999903546494,2,0.9999999999998381,2,1.0,3
10910,6,isolation_forest_outlier,6,0.9999992538041901,6,0.9999988450685864,6,0.999999938119609,3
10914,0,intensity_outlier,0,0.9999922541163196,0,0.9999214206091216,0,0.9999798286776894,3
10916,0,isolation_forest_outlier,0,0.9998800591151086,0,0.9999945839203934,0,0.9999999932041677,3
10924,0,isolation_forest_outlier,0,0.9999999106148139,0,0.9999361886314986,0,0.9999877938898983,3
10936,8,centroid_outlier;intensity_outlier;knn_outlier,8,0.9999995699877309,8,0.9925506592799077,8,0.996357233475935,3
10982,1,centroid_outlier,1,0.9997989756312353,1,0.9992648823995082,1,0.995834175817112,3
10984,3,intensity_outlier,3,0.9989161020714252,3,0.9223960588824978,3,0.826726000785907,3
10986,7,intensity_outlier,7,0.9975040193223992,2,0.9078516232490147,7,0.842335473975846,2
11038,6,isolation_forest_outlier,6,0.9997406347038312,6,0.999991377040317,6,0.9999993074885491,3
11044,4,centroid_outlier,4,0.9990992972196115,7,0.7854358965058073,4,0.8297269884035295,2
11132,6,intensity_outlier,6,0.999963259119572,6,0.999964769593677,6,0.9999799638692622,3
11154,5,centroid_outlier;isolation_forest_outlier,5,0.9999347997080199,5,0.9997133037165626,5,0.9998404698055305,3
11190,3,full_duplicate;intensity_outlier;same_label_duplicate,3,0.9999998273614816,3,0.9999889974434024,3,0.9999723295973384,3
11191,8,isolation_forest_outlier;knn_outlier,8,0.9999999941853253,8,0.9999733046283859,8,0.9999996320215823,3
11239,8,knn_outlier,8,0.9997183309581258,8,0.999971006184327,8,0.9999593069440005,3
11304,0,centroid_outlier;isolation_forest_outlier,0,0.9999737716960002,0,0.9408086415416931,0,0.9683556942336715,3
11346,2,isolation_forest_outlier;knn_outlier,2,0.9999676619019061,2,0.9994542805932574,2,0.9998698322036269,3
11373,3,centroid_outlier;full_duplicate;intensity_outlier;same_label_duplicate,3,0.9960858466692822,3,0.9719343202047906,3,0.7791210784075491,3
11398,8,isolation_forest_outlier,8,0.9999954247077426,8,0.9990948881256193,8,0.7624312650223511,3
11406,8,centroid_outlier;knn_outlier,8,0.9999991434746862,8,0.8843173802807149,8,0.3913537440282182,3
11500,5,isolation_forest_outlier,5,0.9999995995349359,5,0.999998879516498,5,0.9999441150782263,3
11586,8,knn_outlier,8,0.999999429686119,8,0.999962645196765,8,0.9999379126842233,3
11746,0,intensity_outlier,0,0.9999994721829123,0,0.9999955894528426,0,0.9999998981966668,3
11852,4,centroid_outlier;intensity_outlier;isolation_forest_outlier,4,0.9999919141924751,4,0.9967375409129775,4,0.9995593309499361,3
11984,8,knn_outlier,8,0.9995758008736688,8,0.9445894243464614,8,0.5187445174467976,3
11998,8,intensity_outlier,8,0.99903029988632,8,0.9995351120685145,8,0.9995434095214191,3
12012,3,intensity_outlier,3,0.633175511698446,5,0.46045883753085054,3,0.8612992449244183,2
12015,2,isolation_forest_outlier,2,0.9999999527990764,2,0.9999999957349988,2,0.9999999976395995,3
12064,4,isolation_forest_outlier,4,0.9999966976964838,4,0.9999853785299786,4,0.999984598781581,3
12223,2,knn_outlier,2,0.999190190095773,2,0.9932605826044538,2,0.9998374027885898,3
12304,7,centroid_outlier,7,0.9999999505620889,7,0.9999999123709055,7,0.99997988694851,3
12327,4,isolation_forest_outlier,4,0.9999997593505845,4,0.9999997468323224,4,0.9999998537457205,3
12395,7,isolation_forest_outlier,7,0.9999999627510492,7,0.9999977628899386,7,0.9999995303557255,3
12417,3,centroid_outlier;full_duplicate;same_label_duplicate,3,0.997839302134599,3,0.9967642549292347,0,0.9986969527188578,2
12444,8,isolation_forest_outlier,8,0.9999976427728446,8,0.9998591854177771,8,0.9999008373961777,3
12461,2,isolation_forest_outlier,2,0.9956908915638952,2,0.9999959523594316,2,0.9999810351909894,3
12489,6,intensity_outlier,6,0.9999993096877258,6,0.9999895459083704,6,0.9999978400170059,3
12493,8,knn_outlier,8,0.999366987887038,5,0.9278910208855132,8,0.9884848933485414,2
12519,5,knn_outlier,5,0.9999991594396982,5,0.9999996455167419,5,0.9999892499343024,3
12585,2,centroid_outlier;knn_outlier,2,0.9997595056311067,8,0.8365392076767227,8,0.9997006201099081,1
12627,8,isolation_forest_outlier,8,0.9999999743705348,8,0.9999983464799523,8,0.9999993330368083,3
12633,8,isolation_forest_outlier,8,0.999919601872606,8,0.9292933581181473,8,0.9989433620736426,3
12650,5,centroid_outlier,5,0.9979300510842517,9,0.9552416105953214,9,0.9910750055700616,1
12663,8,knn_outlier,8,0.9998656154156611,8,0.9570942757371995,8,0.9361242649665544,3
12679,2,centroid_outlier,2,0.9989822695910584,8,0.9914048222978655,8,0.9997671573897952,1
12699,6,isolation_forest_outlier,6,0.9999772913073212,6,0.9858437854308578,6,0.9316898925184487,3
12707,2,isolation_forest_outlier,2,0.9999999967732638,2,0.9999999993399742,2,0.99999999999999,3
12739,3,full_duplicate;isolation_forest_outlier;same_label_duplicate,3,0.9999801447130465,3,0.9994717809144573,2,0.9999999976049725,2
12748,0,isolation_forest_outlier,0,0.9999955104631545,0,0.6674138615453219,0,0.9965183837213345,3
12784,2,isolation_forest_outlier,2,0.9999998394764305,2,0.999999589670891,2,0.9999999999499893,3
12812,3,intensity_outlier,3,0.9822525734322061,3,0.8972330591336756,3,0.4839898883312482,3
12823,2,isolation_forest_outlier,2,0.9999999668700155,2,0.9998979733824823,2,0.9999998053852702,3
12899,8,isolation_forest_outlier,8,0.9999999864417577,8,0.9998578979214306,8,0.9999901668517572,3
12934,8,isolation_forest_outlier,8,0.9999919053609213,8,0.9954914426176353,8,0.9992770290388818,3
12967,3,centroid_outlier;intensity_outlier,3,0.9999853486769302,3,0.9998362798038836,3,0.7713481159435425,3
12986,5,centroid_outlier;isolation_forest_outlier,5,0.9999989174772038,5,0.9945204637966277,3,0.49989104366619636,2
12987,1,intensity_outlier,1,0.9999970087000063,1,0.9999988712194285,1,0.9999961727357836,3
13025,1,centroid_outlier;intensity_outlier,1,0.9982977107383877,1,0.9997364584857907,1,0.6289174498568177,3
13030,0,isolation_forest_outlier,0,0.9995574910479342,0,0.9913445372371836,0,0.9904642148436903,3
13040,5,isolation_forest_outlier,5,0.9999534969676808,5,0.9991790757894731,5,0.9999809530556182,3
13054,0,isolation_forest_outlier,0,0.9999993370767,0,0.9999998628915684,0,0.9999999768278901,3
13080,1,intensity_outlier,1,0.9995916333275393,1,0.9941954981322583,1,0.9059258420224633,3
13081,0,centroid_outlier,0,0.99979396066335,8,0.4809093264887614,0,0.9698664489537338,2
13093,3,centroid_outlier;full_duplicate;same_label_duplicate,3,0.9999067997972865,3,0.9992952917481062,3,0.866355506866344,3
13129,1,centroid_outlier;intensity_outlier,1,0.9999994973530411,1,0.9999919726754722,1,0.9999712933289666,3
13131,7,intensity_outlier;isolation_forest_outlier,7,0.999803687142846,7,0.9998041787429358,7,0.9992781874175071,3
13177,1,centroid_outlier;intensity_outlier,1,0.999978852537568,1,0.9999806822318035,1,0.9969931644881765,3
13208,3,intensity_outlier,3,0.9999991282612583,3,0.9999999574896177,3,0.9999997800908347,3
13213,1,centroid_outlier;intensity_outlier,1,0.9998419557527742,1,0.9999960075598557,1,0.999900296478034,3
13251,4,intensity_outlier,4,0.9999999889361236,4,0.9999920274622922,4,0.9999996060559833,3
13454,0,isolation_forest_outlier,0,0.9999998315181335,0,0.9999998888297911,0,0.9999999983488759,3
13519,3,intensity_outlier,3,0.999999985771111,3,0.9999999130206658,3,0.9999999997668523,3
13577,3,intensity_outlier,3,0.9999721622550546,3,0.9999914595327543,3,0.9999241276433384,3
13594,5,intensity_outlier,5,0.99999864099358,5,0.9999998629881514,5,0.999998984324145,3
13650,4,centroid_outlier;intensity_outlier;isolation_forest_outlier;knn_outlier,4,0.9999962487195476,4,0.9999302941846608,4,0.999970618157606,3
13658,3,centroid_outlier;full_duplicate;intensity_outlier;same_label_duplicate,3,0.9993696047138796,3,0.9991040116005067,3,0.9898844328619395,3
13682,8,intensity_outlier;knn_outlier,8,0.9999931076787176,8,0.9999796384221257,8,0.9996135005585618,3
13715,6,isolation_forest_outlier,6,0.9999986463981573,6,0.9999997364294191,6,0.9999994219343793,3
13816,0,isolation_forest_outlier,0,0.9999993363229952,0,0.9999799230018378,0,0.9999860554342189,3
13830,0,isolation_forest_outlier,0,0.9999979095668438,0,0.9999997638241958,0,0.9999999950296343,3
13890,7,intensity_outlier,7,0.9999738589112314,7,0.9992979055779495,7,0.9999974489172924,3
13893,3,full_duplicate;intensity_outlier;same_label_duplicate,3,0.9999998273614816,3,0.9999889974434024,3,0.9999723295973384,3
13898,3,centroid_outlier,3,0.9925165238438219,4,0.4840693176288167,4,0.43523769012969676,1
13900,7,intensity_outlier,7,0.9999998055829371,7,0.9948708865494269,7,0.9968400170187555,3
13902,4,centroid_outlier;isolation_forest_outlier,4,0.9999994919232028,4,0.9999657320615524,4,0.9999997369387571,3
13969,3,centroid_outlier;full_duplicate;same_label_duplicate,3,0.9925165238438219,4,0.4840693176288167,4,0.43523769012969676,1
13973,1,centroid_outlier,1,0.9999993782290841,1,0.9999958747279152,1,0.9998262710423972,3
13985,1,centroid_outlier,1,0.9999987248883634,1,0.9999947911628979,1,0.9983047300926721,3
14031,6,intensity_outlier,6,0.9999999318714277,6,0.9999999999948825,6,0.9999999999814086,3
14047,4,centroid_outlier;intensity_outlier;isolation_forest_outlier,4,0.9999998308431337,4,0.9999989138182329,4,0.9999999525474543,3
14051,6,intensity_outlier,6,0.9999999024969215,6,0.9999999997521605,6,0.9999999999615317,3
14075,8,intensity_outlier,8,0.9999913744250626,8,0.9999862634790149,8,0.9999052067428775,3
14101,6,centroid_outlier;isolation_forest_outlier,6,0.9999997173663981,6,0.9999999999991613,6,0.9999999998151861,3
14129,6,isolation_forest_outlier,6,0.999999585461582,6,0.9999997839566943,6,0.9998931514258442,3
14265,6,centroid_outlier;isolation_forest_outlier,6,0.9999992119998337,6,0.999999999504648,6,0.9999999992767921,3
14267,2,isolation_forest_outlier,2,0.9969564420975463,2,0.9999999545181689,2,0.9999998995098555,3
14283,3,isolation_forest_outlier;knn_outlier,3,0.9999999637815329,3,0.9999999540016026,3,0.9999999974429272,3
14334,0,isolation_forest_outlier,0,0.9999678072234072,0,0.9999567670444833,0,0.9999939332975737,3
14335,4,centroid_outlier;isolation_forest_outlier,4,0.9976548860814214,6,0.9136363340766269,7,0.7463241865002921,1
14357,2,centroid_outlier;isolation_forest_outlier,2,0.9998825667937912,2,0.5404961405057326,2,0.711300066643781,3
14363,2,isolation_forest_outlier,2,0.9999999839777016,2,0.9999999984598558,2,0.9999999896856727,3
14367,3,centroid_outlier,3,0.9999862934155548,3,0.9991635849675289,3,0.9948895012041403,3
14395,7,isolation_forest_outlier,7,0.9998385245143755,7,0.999245385545739,7,0.9999285390931065,3
14418,6,centroid_outlier,6,0.9998988284625416,6,0.9999551294318515,6,0.9999979867717738,3
14428,5,isolation_forest_outlier,5,0.9999993004349568,5,0.9999267407866816,5,0.9997164907256446,3
14458,2,isolation_forest_outlier,2,0.9999975277261649,2,0.9999999996777718,2,0.9999999781469937,3
14517,2,isolation_forest_outlier,2,0.9999379718477901,2,0.9999999979220129,2,0.9999999999999956,3
14534,5,centroid_outlier;intensity_outlier,5,0.9999896206016207,5,0.999968834445294,5,0.9999961537594809,3
14613,0,isolation_forest_outlier,0,0.9995139538735057,0,0.8756740549644242,0,0.781358564840623,3
14623,5,centroid_outlier;isolation_forest_outlier,5,0.9999867090203967,5,0.9457531408005945,5,0.9999086908349849,3
14629,0,isolation_forest_outlier,0,0.9999444163182276,0,0.9999663147513781,0,0.9998534309082331,3
14649,0,centroid_outlier;isolation_forest_outlier,0,0.9995764349576247,2,0.5593854855379354,2,0.9971415712899403,1
14655,3,isolation_forest_outlier,3,0.9995402130851224,3,0.9999672417495301,3,0.999774894533191,3
14659,5,isolation_forest_outlier,5,0.9999988783563865,5,0.9999906337086115,5,0.9999905803045037,3
14673,5,isolation_forest_outlier,5,0.9999982522777414,5,0.9999925120285994,5,0.9999997630764292,3
14675,0,isolation_forest_outlier,0,0.9999993281968994,0,0.9999996843076879,0,0.9999999970998383,3
14692,3,intensity_outlier,3,0.9999674064144077,3,0.8952850066613052,8,0.48293748178913987,2
14705,0,isolation_forest_outlier,0,0.9996898404670739,0,0.9984544502454714,0,0.9996420149028125,3
14749,0,centroid_outlier;isolation_forest_outlier,0,0.9846210294235019,0,0.9942932760872151,2,0.9965218882946458,2
14756,1,intensity_outlier,2,0.5672602447993939,2,0.999988131364091,2,0.9999891477643176,0
14773,0,centroid_outlier,0,0.9999940083082182,0,0.9999540689286465,0,0.9999973705308772,3
14776,2,intensity_outlier,2,0.9999187631857873,2,0.9992768168794802,2,0.9865254257568126,3
14778,6,isolation_forest_outlier,6,0.9999988618899293,6,0.9999999961856765,6,0.9999999847435557,3
14819,2,isolation_forest_outlier,2,0.9992736156298055,2,0.9999994714313258,2,0.9999998738112083,3
14866,7,centroid_outlier;intensity_outlier;isolation_forest_outlier,7,0.9999988543722154,7,0.9975340210895164,7,0.9999766741115522,3
14896,8,knn_outlier,8,0.9989070190824609,8,0.9978956498256643,8,0.9993814162362877,3
14912,6,centroid_outlier;isolation_forest_outlier;knn_outlier,6,0.9986584447344623,5,0.3416865623081487,0,0.8772612686193018,1
15103,0,isolation_forest_outlier,0,0.9999999165716568,0,0.9999969287636171,0,0.9999999766433553,3
15108,0,intensity_outlier,0,0.9970670333780229,0,0.9471770285452221,0,0.8657190936629284,3
15114,6,centroid_outlier;knn_outlier,6,0.7912026129702642,5,0.4184257008926772,0,0.8530827586507888,1
15133,0,isolation_forest_outlier,0,0.9999999944398623,0,0.9999999537974767,0,0.9999999932811525,3
15137,2,isolation_forest_outlier,2,0.9999999433975232,2,0.9999877979371018,2,0.9999999998581182,3
15142,0,isolation_forest_outlier,0,0.9999921737973656,0,0.9999974807060726,0,0.9999984979249588,3
15162,3,centroid_outlier;full_duplicate;intensity_outlier;same_label_duplicate,3,0.9960858466692822,3,0.9719343202047906,3,0.7791210784075491,3
15330,0,intensity_outlier,0,0.9801981075006354,0,0.9597553407808577,0,0.9992886262147687,3
15402,5,knn_outlier,5,0.9999169966917403,5,0.9482687898724538,5,0.5016324000803581,3
15434,2,intensity_outlier,4,0.9174497369365738,4,0.9989074675976459,4,0.9994314843099096,0
15494,7,knn_outlier,7,0.9991945636030021,7,0.9806449030960933,7,0.916797224202552,3
15600,0,isolation_forest_outlier,0,0.9999989776958941,0,0.999999944536488,0,0.9999999996292408,3
15713,1,centroid_outlier,1,0.9999831348265626,1,0.9999831007515577,1,0.9987487322669394,3
15730,1,intensity_outlier,1,0.999810182619523,1,0.9967961379939162,1,0.988242151676164,3
15774,3,intensity_outlier,3,0.9977808936400077,3,0.5362224939577499,3,0.9422014712353068,3
15775,8,knn_outlier,8,0.999995187389724,8,0.9984839411033795,8,0.9702127655166893,3
15822,4,isolation_forest_outlier,4,0.9999997204860667,4,0.9999474736532576,4,0.9998160754840228,3
15880,5,isolation_forest_outlier,5,0.999952042808978,5,0.9865290461791181,5,0.9979968616662622,3
15917,2,isolation_forest_outlier,2,0.9999667427547155,2,0.9999999999973253,2,0.999999999700363,3
15932,7,centroid_outlier,7,0.9999979576630362,7,0.9993909644156646,7,0.9991716140127841,3
15942,4,centroid_outlier,4,0.9942775016467617,4,0.9027574245229542,2,0.9952920361934432,2
16007,2,isolation_forest_outlier,2,0.9999943161656442,2,1.0,2,0.9999999999999998,3
16022,8,knn_outlier,8,0.9985413715148553,8,0.9528943552519501,8,0.9985689237834986,3
16027,2,isolation_forest_outlier,2,0.9991082921947491,2,0.9999910506732744,2,0.9999349093569267,3
16084,5,centroid_outlier;isolation_forest_outlier,5,0.9999859060935502,5,0.9999454377343967,5,0.9219132090908599,3
16196,2,knn_outlier,2,0.9997459318390733,2,0.8075520501705387,0,0.7189221572049155,2
16220,3,isolation_forest_outlier,3,0.999987169326439,3,0.9999940764213426,3,0.999999561625249,3
16276,5,isolation_forest_outlier,5,0.9999995756665112,5,0.9999992600871651,5,0.9999988431393018,3
16346,6,intensity_outlier,6,0.9999539512332809,6,0.9989417880315242,6,0.9771254569009524,3
16356,5,isolation_forest_outlier,5,0.9999999181748394,5,0.9999915844463573,5,0.9999123472457816,3
16376,1,centroid_outlier;intensity_outlier,1,0.9969418109414173,1,0.9024978607444953,8,0.7281586204539647,2
16379,7,centroid_outlier,7,0.9993861719835886,7,0.9980643256017679,7,0.9630949528503641,3
16460,0,isolation_forest_outlier,0,0.9999999387244789,0,0.9999999468446924,0,0.9999999558113712,3
16676,3,centroid_outlier;intensity_outlier;knn_outlier,3,0.9656475180558312,2,0.8703572159227152,6,0.5559281654895307,1
16692,5,centroid_outlier;isolation_forest_outlier,5,0.9999923241321201,5,0.9999971093797486,5,0.9996735739167926,3
16884,3,centroid_outlier,3,0.9990338411795354,3,0.618909319813354,3,0.9854182061484136,3
16921,0,centroid_outlier,0,0.9999997919948991,0,0.999993579794725,0,0.9999999969040876,3
16989,2,isolation_forest_outlier,2,0.9999949617785707,2,0.9999999999875973,2,0.9999999999231632,3
17043,1,centroid_outlier,1,0.9999868875534368,1,0.9999174145271776,1,0.9729799262611414,3
17129,1,centroid_outlier;intensity_outlier,1,0.9996034202643052,1,0.9950111511794998,8,0.9997397770590944,2
17137,2,centroid_outlier;intensity_outlier;isolation_forest_outlier;knn_outlier,2,0.9999429668143068,2,0.9999411037299206,2,0.9999896697103563,3
17209,1,centroid_outlier,1,0.9999993420557886,1,0.9999819530225473,1,0.9997699569559251,3
17269,2,isolation_forest_outlier,2,0.9999999176006694,2,0.9999999998266484,2,0.999999988107345,3
17271,3,centroid_outlier;isolation_forest_outlier,3,0.9999993361721861,3,0.9999995363364633,3,0.9999999900595932,3
17505,1,centroid_outlier,1,0.9999907267563546,1,0.9999822495115748,1,0.9997596227605124,3
17509,3,knn_outlier,3,0.9999994355067447,3,0.9999999137300964,3,0.999999998077993,3
17540,1,centroid_outlier;intensity_outlier,1,0.9994825173521344,1,0.9880574289133075,5,0.6838432583391462,2
17542,6,centroid_outlier;isolation_forest_outlier;knn_outlier,6,0.9963450282653649,6,0.992324047791463,6,0.573991433729464,3
17593,3,knn_outlier,3,0.9995601740109561,3,0.9989716828276841,2,0.9933881276611578,2
17602,8,centroid_outlier;intensity_outlier,8,0.9982320043463973,8,0.7971655029344308,8,0.7563448543466537,3
17664,1,intensity_outlier,1,0.9999954205004653,1,0.9996873313755982,1,0.999182251468804,3
17700,8,isolation_forest_outlier,8,0.9999996522703812,8,0.9976898904162029,3,0.8899042643404704,2
17706,1,intensity_outlier,1,0.9900773287851787,1,0.9151844095962376,8,0.38725083445232605,2
17728,6,knn_outlier,6,0.9992218848904549,6,0.9277070537092255,6,0.9685085224522413,3
17756,8,knn_outlier,8,0.9999967139083072,8,0.9323297810318263,8,0.9944316511124445,3
17849,7,centroid_outlier,7,0.9999996280929393,7,0.9999963029181725,7,0.9999978290251137,3
17870,4,centroid_outlier,4,0.9999990410779833,4,0.9997762755120975,4,0.9999080236022948,3
17961,7,intensity_outlier,7,0.9999996344791499,7,0.9100835215647778,7,0.9990677213092273,3
18244,3,intensity_outlier,3,0.9999999171324878,3,0.9997656190118982,3,0.9998929590238704,3
18288,8,intensity_outlier,8,0.9999201835838271,8,0.6853696666635052,8,0.9689802526889112,3
18302,6,isolation_forest_outlier,6,0.9999991878541957,6,0.9999998465820987,6,0.9999999878044187,3
18322,7,centroid_outlier,7,0.9998891305736971,3,0.9991132004933937,3,0.9976704066014472,1
18324,0,knn_outlier,0,0.998349767296182,0,0.8804837452822093,6,0.7417515054737025,2
18412,0,isolation_forest_outlier,0,0.9999927612679083,0,0.9999980435795699,0,0.9999999953913716,3
18416,5,isolation_forest_outlier,5,0.9999840462500158,5,0.5613958144234332,5,0.5074987662463717,3
18486,0,isolation_forest_outlier,0,0.9999656071563053,0,0.9999975126053174,0,0.9999981083094456,3
18643,2,isolation_forest_outlier;knn_outlier,2,0.9999429712894433,2,0.9999982909593605,2,0.9996585177353928,3
18644,8,isolation_forest_outlier,8,0.9999999978396381,8,0.9999994250201143,8,0.9999998959040752,3
18725,0,isolation_forest_outlier,0,0.9999998529055772,0,0.9999999967475901,0,0.999999998589348,3
18726,4,centroid_outlier,4,0.9999989440580329,4,0.9999973831601527,4,0.9999912847237148,3
18739,3,centroid_outlier;full_duplicate;same_label_duplicate,3,0.9998628183208739,3,0.9999901674364589,3,0.9961325557237481,3
18763,2,isolation_forest_outlier,2,0.999999613804717,2,0.999999999918086,2,0.9999999999889277,3
18814,3,intensity_outlier,3,0.9905055441531504,1,0.5555390266443041,3,0.9874043754149244,2
18854,4,centroid_outlier,4,0.9999997080055845,4,0.9999667342601807,4,0.9999180996772462,3
19031,2,isolation_forest_outlier,2,0.9991124301042656,6,0.9998102459988321,6,0.9950069141383941,1
19244,3,full_duplicate;intensity_outlier;same_label_duplicate,3,0.9999674064144077,3,0.8952850066613052,8,0.48293748178913987,2
19253,8,centroid_outlier;knn_outlier,8,0.9999975302808182,8,0.9997916675664695,8,0.9997852121522005,3
19271,2,isolation_forest_outlier,2,0.9999954726336457,2,0.9978786310494391,2,0.9999966553508056,3
19276,6,centroid_outlier,6,0.9999974955843034,6,0.9999994662269416,6,0.9999995570983097,3
19298,6,centroid_outlier;isolation_forest_outlier,6,0.9999916228336684,6,0.9997368481556086,6,0.9908062868398502,3
19322,3,full_duplicate;isolation_forest_outlier;same_label_duplicate,3,0.9999801447130465,3,0.9994717809144573,2,0.9999999976049725,2
19362,8,knn_outlier,8,0.9984235761802598,8,0.9901008876146375,1,0.6843196870348893,2
19369,0,isolation_forest_outlier,0,0.9999606288363716,0,0.9863215939721198,0,0.9997954568986887,3
19380,4,isolation_forest_outlier,4,0.9999996492406229,4,0.9999350478869579,4,0.999998760635819,3
19386,3,intensity_outlier,3,0.9741231622498202,3,0.9635861409983172,3,0.8944527251101568,3
19396,5,knn_outlier,5,0.9903432349908841,5,0.9811186164839025,5,0.9782506214177195,3
19467,4,intensity_outlier,4,0.9999994036061677,4,0.9999999954269174,4,0.9999999948830407,3
19542,0,intensity_outlier,0,0.9999952853415556,0,0.9981561591489699,0,0.9970952203033072,3
19643,1,intensity_outlier,1,0.9999166335408585,1,0.9992347049954331,1,0.995940605019474,3
19746,5,isolation_forest_outlier,5,0.9999999246104606,5,0.9999993819679716,5,0.9999986027725172,3
19911,8,isolation_forest_outlier,8,0.999986673517594,8,0.9999711500712798,8,0.99999483218876,3
19931,8,centroid_outlier,8,0.999935689577432,8,0.9996662400881987,8,0.9998551572921937,3
19935,0,isolation_forest_outlier,0,0.9999996578158855,0,0.9999952936809301,0,0.9999999978315524,3
19936,4,isolation_forest_outlier,4,0.9999991167826081,4,0.9997488408629359,4,0.9999915247881821,3
19942,5,knn_outlier,5,0.9902041268463687,2,0.8398789248874895,4,0.5506549602844998,1
19945,5,centroid_outlier;isolation_forest_outlier,5,0.9999268273150144,3,0.5958536538493647,5,0.8287377897099919,2
19959,5,centroid_outlier;isolation_forest_outlier,5,0.9999975321818585,5,0.9817515545375786,5,0.9999893694633629,3
19973,5,isolation_forest_outlier,5,0.9997473343339212,5,0.9986254006997195,5,0.9992846520623746,3
19982,2,isolation_forest_outlier,2,0.9999999687637532,2,0.9999999999995108,2,0.9999999999999996,3
19993,6,isolation_forest_outlier,6,0.9999975056781094,6,0.9999999644514713,6,0.9999999916153822,3
20015,8,isolation_forest_outlier,8,0.9998625727884243,8,0.9997313822964429,8,0.9995727934367291,3
20017,5,centroid_outlier,5,0.9999988037974052,5,0.9986653355714967,5,0.9985493436125439,3
20025,8,centroid_outlier;isolation_forest_outlier,8,0.9999999543713355,8,0.9999284083292719,8,0.9995361760364179,3
20057,6,isolation_forest_outlier,6,0.9999998193764266,6,0.9999995918940545,6,0.9999999635012433,3
20059,4,isolation_forest_outlier,4,0.9998835867704823,4,0.9997588685784572,4,0.8368769508468625,3
20072,3,centroid_outlier;knn_outlier,3,0.9556622849510426,7,0.8919808213752753,2,0.9628608705462834,1
20079,8,centroid_outlier,8,0.9999910338559769,8,0.9998629429121126,8,0.9999506419629904,3
20081,6,isolation_forest_outlier,6,0.9999979893931688,6,0.9999999999127702,6,0.9999999998373854,3
20087,6,isolation_forest_outlier,6,0.9999997992108384,6,0.9999999997805702,6,0.9999999996846458,3
20120,5,isolation_forest_outlier,5,0.999899570393738,5,0.9995144127501236,5,0.8602887693844632,3
20124,6,isolation_forest_outlier,6,0.9999997801933415,6,0.9999999880151834,6,0.9999999144668072,3
20137,6,isolation_forest_outlier,6,0.9999992120336387,6,0.9999999497761086,6,0.9999984456986839,3
20169,4,knn_outlier,4,0.997646565671715,5,0.9005078178855485,6,0.57385683026158,1
20174,0,isolation_forest_outlier,0,0.9999970342146193,0,0.9999999958986234,0,0.9999999984689576,3
20204,8,centroid_outlier;intensity_outlier;isolation_forest_outlier,8,0.9950636726315901,8,0.9938174892870324,8,0.9740901426340585,3
20226,7,centroid_outlier,7,0.9981198286416542,2,0.9999998770197047,2,0.999999006920622,1
20268,2,isolation_forest_outlier,2,0.9999619127376306,2,0.9999983157718895,2,0.9997862605412536,3
20322,1,centroid_outlier;intensity_outlier,1,0.9918370905813636,1,0.9598600607120672,1,0.993173362756009,3
20420,0,isolation_forest_outlier,0,0.9999998338827009,0,0.9999998107386284,0,0.9999999986434382,3
20476,5,centroid_outlier;isolation_forest_outlier,5,0.999998163335321,5,0.9973594934012396,5,0.9978700546673835,3
20485,2,isolation_forest_outlier,2,0.9999984783276115,2,0.9999999990524706,2,0.9999999998138547,3
20534,5,intensity_outlier,5,0.9998404490792514,5,0.9998605514530664,5,0.9971360858168345,3
20648,8,isolation_forest_outlier,8,0.9999591862315642,8,0.9859349573311144,8,0.9999183935054509,3
20672,1,centroid_outlier;intensity_outlier,1,0.9972488740087676,2,0.9999999876816869,2,0.9999999999557174,1
20816,0,knn_outlier,0,0.9999706005053539,0,0.999989315839197,0,0.9999984336293489,3
20869,3,centroid_outlier;full_duplicate;same_label_duplicate,3,0.997839302134599,3,0.9967642549292347,0,0.9986969527188578,2
20917,2,isolation_forest_outlier,2,0.9999997049784399,2,0.999993715809266,2,0.9999994834845912,3
20964,3,centroid_outlier;full_duplicate;isolation_forest_outlier;same_label_duplicate,3,0.9999993361721861,3,0.9999995363364633,3,0.9999999900595932,3
20987,1,centroid_outlier,1,0.9999997882003138,1,0.9999987176406877,1,0.999993175475632,3
21020,3,full_duplicate;isolation_forest_outlier;same_label_duplicate,3,0.9999999776591175,3,0.9999998536121312,3,0.9999986525323568,3
21029,0,isolation_forest_outlier,0,0.9999950274171241,0,0.9999999949471718,0,0.9999999998739861,3
21073,2,isolation_forest_outlier,2,0.9999999801638466,2,0.9999999999998681,2,0.9999999999999685,3
21147,2,isolation_forest_outlier,2,0.9999969859306433,2,0.9999999999999758,2,0.9999999999999882,3
21150,3,knn_outlier,3,0.9973516029130998,2,0.8805122833525264,3,0.7691355763381404,2
21197,2,isolation_forest_outlier,2,0.9999990376421724,2,0.9999999853496753,2,0.9999999982304311,3
21199,0,isolation_forest_outlier,0,0.9999992943730681,0,0.9999777230982229,0,0.9999995233115585,3
21251,2,isolation_forest_outlier,2,0.9999831564355068,2,0.999999949684996,2,0.9999999993988211,3
21255,2,isolation_forest_outlier,2,0.999990769661193,2,0.9999932289967227,2,0.9999968141282408,3
21267,3,full_duplicate;intensity_outlier;same_label_duplicate,3,0.9999999171324878,3,0.9997656190118982,3,0.9998929590238704,3
21295,8,centroid_outlier;isolation_forest_outlier,8,0.9999870531959678,8,0.9929809998619287,8,0.9996307210516893,3
21305,3,full_duplicate;isolation_forest_outlier;same_label_duplicate,3,0.9999999776591175,3,0.9999998536121312,3,0.9999986525323568,3
21315,8,centroid_outlier;isolation_forest_outlier;knn_outlier,8,0.9999993045913305,8,0.9853175009903552,8,0.999759587102388,3
21370,3,full_duplicate;isolation_forest_outlier;same_label_duplicate,3,0.9999143371389164,3,0.9987410735755526,3,0.995935646301145,3
21371,5,isolation_forest_outlier,5,0.9999999792732492,5,0.9999764018782613,5,0.9999442822580534,3
21383,8,centroid_outlier,8,0.9999995108859921,8,0.999486645223235,8,0.9999679770209587,3
21385,5,centroid_outlier;isolation_forest_outlier,5,0.9999998647118439,5,0.999992151830801,5,0.9999717177552664,3
21421,8,centroid_outlier;intensity_outlier,8,0.9999870915959436,8,0.9989741397802264,8,0.9996772234380067,3
21433,5,isolation_forest_outlier,5,0.9999990850820695,5,0.9999998518789579,5,0.999985162497639,3
21467,8,intensity_outlier;knn_outlier,8,0.9997472311920197,8,0.9988914086854621,8,0.9989993648329606,3
21481,5,centroid_outlier;intensity_outlier;isolation_forest_outlier,5,0.9999912689273883,5,0.9999963029386257,5,0.9999991092156274,3
21527,2,knn_outlier,2,0.9999955495793467,2,0.9999993785176341,2,0.999968227711666,3
21529,8,intensity_outlier,8,0.9999987115562753,8,0.7141871347791078,8,0.7100028009134653,3
21532,5,knn_outlier,5,0.9994647315373079,5,0.9103301862470884,5,0.93798864168025,3
21540,3,isolation_forest_outlier,3,0.9999953573546022,3,0.9998920838271916,3,0.9934979078272616,3
21601,1,centroid_outlier,1,0.9605793047877706,6,0.9036311482238406,0,0.9926777346652766,1
21618,1,intensity_outlier,1,0.9999998717727883,1,0.9999648923345191,1,0.9999429904730762,3
21636,2,knn_outlier,2,0.9995677621291852,2,0.9907579707560696,2,0.995002515455847,3
21650,8,knn_outlier,8,0.9982384003805549,8,0.9996782072601534,8,0.9995232403543912,3
21674,2,knn_outlier,2,0.9999182258255288,2,0.9999895321638195,2,0.9507903141212843,3
21821,6,intensity_outlier,6,0.999998366493601,6,0.9999961588111975,6,0.9999994232073895,3
21851,8,centroid_outlier;intensity_outlier,8,0.9999983606134972,8,0.9925903035055871,8,0.9984349189944932,3
22039,8,isolation_forest_outlier,8,0.9999984583247579,8,0.9994859183189421,8,0.999965438633919,3
22053,5,isolation_forest_outlier,5,0.9999533043125581,5,0.9222818091485016,0,0.4157795014380475,2
22073,5,centroid_outlier;isolation_forest_outlier,5,0.9999993832806318,5,0.9999999904837079,5,0.9999999564278658,3
22115,2,isolation_forest_outlier,2,0.999999938127925,2,0.9999999330234057,2,0.9999999461163258,3
22123,8,knn_outlier,8,0.9998886540120512,5,0.9937865818385491,5,0.9785840666518723,1
22148,3,full_duplicate;knn_outlier;same_label_duplicate,3,0.9999381067862909,3,0.9872223380724103,2,0.6048766212996627,2
22155,3,full_duplicate;isolation_forest_outlier;same_label_duplicate,3,0.9998430378374605,3,0.71210801918814,8,0.5858034141772205,2
22169,2,isolation_forest_outlier;knn_outlier,2,0.9999682596709699,2,0.9991611649303597,2,0.7922831829749126,3
22188,2,intensity_outlier,2,0.9999730305652664,2,0.9999999983782328,2,0.9999997808348983,3
22204,3,intensity_outlier,3,0.9927625862579171,8,0.5649043729611681,8,0.8641176102673258,1
22211,5,isolation_forest_outlier,5,0.999998108660711,5,0.9999920391474287,5,0.9999895602280329,3
22269,2,knn_outlier,2,0.9999930353981342,2,0.9980142667249291,2,0.8586958746469079,3
22271,3,isolation_forest_outlier,3,0.9999999983874552,3,0.9999999999997935,3,0.9999999999997695,3
22284,2,intensity_outlier,2,0.9999997431310239,2,0.9998680987423071,2,0.9984924687423428,3
22294,0,knn_outlier,0,0.999853515210945,0,0.9999956205259294,0,0.9999998892490207,3
22545,1,intensity_outlier,1,0.9999982807927763,1,0.9999972394625232,1,0.9999434792710697,3
22583,0,intensity_outlier,0,0.9999486461111852,0,0.9769263807829145,0,0.9973464081589338,3
22584,4,intensity_outlier,4,0.9969584894129958,4,0.9570624522423538,4,0.6875146944702423,3
22616,6,isolation_forest_outlier,6,0.9999999377739647,6,0.999999999728642,6,0.9999999998456945,3
22643,3,centroid_outlier,3,0.9990329838211045,3,0.9194886381112477,3,0.7789460703143835,3
22645,4,intensity_outlier,4,0.9999999093454062,4,0.999938232535491,4,0.999996725806083,3
22677,4,centroid_outlier;intensity_outlier,4,0.9999156712876096,4,0.9908831240721399,4,0.9990975971424036,3
22679,5,intensity_outlier;isolation_forest_outlier;knn_outlier,5,0.9967691504374865,5,0.9999999936165853,5,0.9999945587015642,3
22698,6,isolation_forest_outlier,6,0.9999999532486303,6,0.9999999965719453,6,0.9999994895020906,3
22701,2,centroid_outlier,2,0.9999982005689082,2,0.9999858474513975,2,0.9999999999216715,3
22711,7,intensity_outlier,7,0.9999996046264976,7,0.9999999630811327,7,0.999999826985819,3
22736,5,isolation_forest_outlier,5,0.9999995421295047,5,0.9999977922957385,5,0.9999112301793078,3
22752,0,intensity_outlier,0,0.9999999865041385,0,0.9999999999189022,0,0.9999999999998626,3
22807,2,intensity_outlier;isolation_forest_outlier;knn_outlier,2,0.9999999809464833,2,0.9999999997072888,2,0.9999999999941562,3
22838,4,isolation_forest_outlier,4,0.9999713863697048,4,0.9992021111664875,4,0.9986487412107465,3
22859,1,intensity_outlier,1,0.997512030648347,1,0.9989348903965672,1,0.8004973891508126,3
22879,1,centroid_outlier;intensity_outlier,1,0.9999998460314432,1,0.9999973021499953,1,0.9999922867613203,3
22939,6,intensity_outlier,6,0.999999138763812,6,0.9999396383266521,6,0.9999847278974677,3
22944,6,intensity_outlier,6,0.9999997947796174,6,0.999999978627309,6,0.9999999993234552,3
23031,4,intensity_outlier,4,0.9999999456307144,4,0.9999998223507756,4,0.9999999890893966,3
23039,2,intensity_outlier,2,0.9999995551770382,2,0.9999996395470019,2,0.9999999896387649,3
23050,6,centroid_outlier,6,0.9999849166894378,6,0.9978760145123102,6,0.9999996345163275,3
23059,1,centroid_outlier,1,0.9975952218836718,1,0.965406654546463,8,0.5985564671033899,2
23086,8,knn_outlier,8,0.9964064330760845,8,0.64469274662835,8,0.4589094741601708,3
23104,0,centroid_outlier;knn_outlier,0,0.89715022713265,5,0.7775525607920428,0,0.7858420863222416,2
23110,6,centroid_outlier;intensity_outlier;isolation_forest_outlier,6,0.999999506305351,6,0.999999999777931,6,0.9999998532472674,3
23216,2,knn_outlier,2,0.9999999832160625,2,0.999963046434071,2,0.9999993920849036,3
23301,0,intensity_outlier,0,0.999996341153739,0,0.9999771771122058,0,0.9999999923185191,3
23347,8,isolation_forest_outlier,8,0.9999999489082527,8,0.9998525991650462,8,0.999498779739798,3
23386,7,intensity_outlier;knn_outlier,7,0.9999957898305076,7,0.9999322434176245,7,0.9999777926610343,3
23421,6,isolation_forest_outlier,6,0.9999994891643678,6,0.9999999266091889,6,0.9999999998577715,3
23434,5,isolation_forest_outlier,5,0.997955611332093,5,0.999981083825807,5,0.9843204254918544,3
23461,8,intensity_outlier,8,0.9999997279571261,8,0.9978056105908882,8,0.9998050282976672,3
23462,1,centroid_outlier,1,0.9999342890052759,1,0.820608641627945,1,0.9998846340985041,3
23486,4,knn_outlier,4,0.9985221030518416,4,0.9981604100876501,2,0.9999999971130822,2
23688,6,isolation_forest_outlier,6,0.9999758642003436,6,0.9999890870953108,6,0.9999979601190432,3
23694,6,isolation_forest_outlier,6,0.999999141247524,6,0.9999999993781086,6,0.9999999994044855,3
23790,6,centroid_outlier,6,0.9997671744393901,6,0.99996307301809,6,0.998192015950767,3
23884,0,isolation_forest_outlier,0,0.9999921063093402,0,0.9995790227547399,0,0.9999918602241477,3
23938,5,centroid_outlier;isolation_forest_outlier,5,0.9999998992273657,5,0.9999996757982174,5,0.9999999387080787,3
23956,4,centroid_outlier;isolation_forest_outlier,4,0.9980897918209708,4,0.990377399000109,2,0.999781003994907,2
24030,6,isolation_forest_outlier,6,0.9999995597269173,6,0.9999994839619287,6,0.9999999969336839,3
24038,1,centroid_outlier,1,0.996566163419566,1,0.6406483648771207,2,0.9998181381259983,2
24078,0,knn_outlier,0,0.9999662918139852,0,0.9820953993639571,0,0.9996152213902864,3
24222,1,centroid_outlier;intensity_outlier,1,0.9998100893444195,1,0.9739239818521148,1,0.9876515335728873,3
24310,5,intensity_outlier;knn_outlier,5,0.8919682664942485,8,0.6020045938106031,8,0.6033412862864903,1
24388,0,isolation_forest_outlier,0,0.9999990085606021,0,0.9999997423904039,0,0.9999998466429245,3
24422,8,isolation_forest_outlier,8,0.9999876543873554,8,0.9149548439553026,8,0.9967427295187816,3
24424,1,intensity_outlier,1,0.9968278476254517,2,0.4880329063661841,8,0.4957732328134544,1
24464,7,intensity_outlier,7,0.9999999705987166,7,0.9999998354865232,7,0.9999999853038624,3
24472,4,centroid_outlier,4,0.9999985369793484,4,0.9997796005949234,4,0.9999758597785505,3
24558,8,knn_outlier,8,0.9998766280397489,2,0.9873274739710912,2,0.9996632563819389,1
24587,8,knn_outlier,8,0.8993865080969807,8,0.9947132066283995,4,0.6138620978024841,2
24589,8,knn_outlier,8,0.999809083765391,8,0.9999529067669417,8,0.8746028225278458,3
24598,8,knn_outlier,8,0.9987612306213705,8,0.9963644509792238,8,0.6927100587191652,3
24722,2,centroid_outlier;intensity_outlier,2,0.9912074521723623,2,0.9999923686740492,2,0.9994272178991054,3
24726,6,centroid_outlier;isolation_forest_outlier;knn_outlier,6,0.9988101190335126,6,0.990851475153409,6,0.9719828721310488,3
24728,2,isolation_forest_outlier,2,0.9988278825070247,2,0.9938579203036354,2,0.84331572573286,3
24740,8,isolation_forest_outlier,8,0.9998910817293961,8,0.9451228956163916,8,0.9954513272672679,3
24756,3,intensity_outlier,3,0.9999995294446096,3,0.993176623312461,3,0.999624896808094,3
24794,2,knn_outlier,2,0.9994242056621396,2,0.972788878101081,0,0.5005120825276346,2
24798,4,centroid_outlier;intensity_outlier,4,0.9942872417291649,0,0.996052342365822,0,0.9999998127875647,1
25004,2,isolation_forest_outlier,2,0.9999848401403009,2,0.9999999999833169,2,0.9999999994618358,3
25018,8,centroid_outlier;intensity_outlier,8,0.9996041891003399,8,0.9843559734466424,8,0.995329975582176,3
25058,7,intensity_outlier,7,0.9999433800966295,7,0.9930473670427908,7,0.9110554326916083,3
25157,2,knn_outlier,2,0.9995835464340308,2,0.9999801848086448,2,0.9995684162501295,3
25285,0,intensity_outlier,0,0.9999721431343351,0,0.9995840029872309,0,0.9999992005548334,3
25295,5,centroid_outlier;intensity_outlier,5,0.9999972479843035,5,0.9993659456066643,5,0.9951601435621791,3
25297,6,centroid_outlier;intensity_outlier,6,0.9999901671994835,6,0.9999645654543651,6,0.9999999915720982,3
25301,8,centroid_outlier;intensity_outlier;knn_outlier,8,0.9980595538805204,8,0.9926636199129988,0,0.6339971568795136,2
25305,0,intensity_outlier,0,0.9999999820576805,0,0.9999999999736706,0,0.9999999999999838,3
25307,1,intensity_outlier,1,0.999647800229245,1,0.8295803513751409,1,0.7517106226354511,3
25315,5,centroid_outlier;knn_outlier,5,0.9999256794656219,5,0.545675785278715,8,0.5656790313778017,2
25317,6,centroid_outlier;intensity_outlier,6,0.9999911046550918,6,0.9999999694280588,6,0.9999999997563462,3
25321,8,centroid_outlier;intensity_outlier;knn_outlier,8,0.9999537491056736,8,0.9934318091328689,8,0.6242291750672,3
25325,0,intensity_outlier,0,0.9999918876115341,0,0.9999999065850523,0,0.9999999999374274,3
25335,5,intensity_outlier,5,0.9999980617654718,5,0.9983012840924518,5,0.9848914360821053,3
25339,7,intensity_outlier,7,0.9999999837018794,7,0.9999998069930531,7,0.9999999972054261,3
25341,8,intensity_outlier,8,0.9974977821249167,8,0.9985727846765847,8,0.9391152614568219,3
25384,5,centroid_outlier,5,0.999975467254713,5,0.9910961743871657,5,0.9659889564092972,3
25386,0,knn_outlier,0,0.9999986230907193,0,0.8433055372818822,0,0.9906382079079179,3
25456,0,intensity_outlier,0,0.9997669959702633,0,0.969685640527254,0,0.9463143114171738,3
25714,0,isolation_forest_outlier,0,0.99919288505845,0,0.9279035951150252,0,0.9995781589700405,3
25747,5,isolation_forest_outlier,5,0.9999789938564073,5,0.9999992855303765,5,0.9999987840722834,3
25823,0,isolation_forest_outlier,0,0.9999999476204172,0,0.9997251172370395,0,0.9999990253755011,3
25836,0,intensity_outlier,0,0.9999803477863167,0,0.999205881272659,0,0.9999600193996888,3
25856,4,centroid_outlier;intensity_outlier,4,0.9999983661085778,4,0.9999993053997578,4,0.9999999847512242,3
25960,4,centroid_outlier,4,0.9999999199587248,4,0.9999887408228284,4,0.9999996179137064,3
25986,8,centroid_outlier,8,0.9992426867467027,8,0.8554897236240117,8,0.6508007586681969,3
26072,1,centroid_outlier,1,0.9976247835633251,8,0.8999629877998483,1,0.9160894503814478,2
26074,4,intensity_outlier;isolation_forest_outlier,4,0.9999991205982424,4,0.9999944248436367,4,0.9999830568809953,3
26100,8,intensity_outlier,8,0.9999590856076124,8,0.9853311930662375,8,0.9961570397978291,3
26184,0,knn_outlier,0,0.9995735999436588,0,0.9988108208225448,0,0.9313091568519629,3
26255,7,centroid_outlier;intensity_outlier,7,0.9999998758561358,7,0.9999999763052391,7,0.9999999989379849,3
26296,4,intensity_outlier,4,0.9968825982759676,4,0.999000746499146,4,0.9996857414272738,3
26298,0,isolation_forest_outlier,0,0.9999999479833397,0,0.9999999999906533,0,0.9999999999999791,3
26358,3,isolation_forest_outlier,3,0.9804872963844182,3,0.9989677783288979,4,0.6396330152274451,2
26372,6,centroid_outlier,6,0.9999525609075756,6,0.9998774056958669,6,0.9999970779374414,3
26376,1,centroid_outlier;intensity_outlier,1,0.9984289904678647,2,0.9999999931670633,2,0.9999998366498546,1
26417,7,centroid_outlier,7,0.9999999903607489,7,0.9999999999982796,7,0.9999999999994653,3
26444,1,centroid_outlier;intensity_outlier,1,0.9931900706492515,4,0.9921677078444087,1,0.8719660271569588,2
26447,2,knn_outlier,2,0.9999971375368586,2,0.9999999967505064,2,0.999999998726717,3
26471,8,intensity_outlier,8,0.9988932110676391,8,0.9804030285089304,8,0.8217559582346852,3
26482,6,centroid_outlier;intensity_outlier;knn_outlier,6,0.999031799235985,6,0.9381638259125736,6,0.7418869602151394,3
26602,7,intensity_outlier,7,0.9999953322447034,7,0.9981104527779515,7,0.9997281402349572,3
26733,2,knn_outlier,2,0.9994823694273594,2,0.9805270900157854,2,0.9070853618208796,3
26756,7,centroid_outlier;intensity_outlier;knn_outlier,7,0.9989577152175855,2,0.5010105572572789,7,0.5321044305459862,2
26778,7,intensity_outlier,7,0.9999885817446333,7,0.9071170271116761,9,0.998388429101753,2
26858,4,intensity_outlier,4,0.9999706006044718,4,0.9970145657112898,4,0.9958688652826713,3
26882,7,centroid_outlier;knn_outlier,7,0.999838723743036,0,0.9999999794433279,0,0.9999999999947498,1
26906,3,full_duplicate;intensity_outlier;same_label_duplicate,3,0.9999991282612583,3,0.9999999574896177,3,0.9999997800908347,3
26990,0,isolation_forest_outlier,0,0.9999958382637681,0,0.9999996322683491,0,0.999999981318232,3
27026,2,isolation_forest_outlier,2,0.9893078598335444,2,0.9995690545225748,2,0.9990826451194034,3
27043,5,isolation_forest_outlier,5,0.9999998711500964,5,0.9999996060407319,5,0.9999999933450008,3
27073,2,isolation_forest_outlier,2,0.9999671631413057,2,0.9999999476144882,2,0.9999921156439846,3
27077,4,isolation_forest_outlier,4,0.9999999586612637,4,0.9999964083269599,4,0.9999998504556468,3
27093,2,isolation_forest_outlier,2,0.999999706098263,2,0.9999999999917673,2,0.9999999992328967,3
27131,2,isolation_forest_outlier,2,0.9999808046614957,2,0.999999999926118,2,0.9999999999989526,3
27147,8,isolation_forest_outlier,8,0.9999974585127879,8,0.9999601288082925,8,0.9998261871717361,3
27181,2,centroid_outlier,2,0.9999936324984195,2,0.9999846464332895,2,0.9996659864834446,3
27195,8,intensity_outlier,8,0.9999997996505197,8,0.9993998835352339,8,0.9999782280198664,3
27223,2,isolation_forest_outlier,2,0.9999990365815452,2,0.9999999968800315,2,0.9999999999974771,3
27293,8,knn_outlier,8,0.9982481842957458,8,0.9868918280783899,9,0.7773448288954052,2
27335,4,centroid_outlier,4,0.9999994916222283,4,0.999999631239667,4,0.9999999180861481,3
27337,5,isolation_forest_outlier,5,0.9997977110594745,5,0.5983663057225362,5,0.6132342654819443,3
27353,5,isolation_forest_outlier,5,0.9999969660825487,5,0.9999999131509012,5,0.999986870343005,3
27403,5,centroid_outlier;isolation_forest_outlier,5,0.9999044042996522,5,0.9723844313392133,5,0.9934446055455955,3
27473,4,centroid_outlier;isolation_forest_outlier,4,0.9999999089964154,4,0.9991423265583695,4,0.9999985370572394,3
27503,2,centroid_outlier;knn_outlier,2,0.999824861044994,2,0.9998787164309372,2,0.890772153644151,3
27725,3,full_duplicate;isolation_forest_outlier;same_label_duplicate,3,0.9999801447130465,3,0.9994717809144573,2,0.9999999976049725,2
27732,3,centroid_outlier,3,0.999903166577803,3,0.998213502359411,0,0.7283482239587062,2
27781,2,isolation_forest_outlier,2,0.9999998547981193,2,0.9999999985907675,2,0.9999999319459301,3
27787,2,isolation_forest_outlier,2,0.9990544523388085,2,0.9999968720346872,2,0.9999915945140401,3
27894,0,isolation_forest_outlier,0,0.9999977322958896,0,0.9999997305404367,0,0.9999999481515738,3
28136,8,knn_outlier,8,0.9999186275520672,8,0.9973219706803382,8,0.8744013138115339,3
28140,2,isolation_forest_outlier,2,0.999999957742169,2,0.9999999999996763,2,0.9999999999999016,3
28155,2,centroid_outlier;intensity_outlier;isolation_forest_outlier,2,0.9999999958376327,2,0.9999999999945435,2,0.9999999999999234,3
28181,8,isolation_forest_outlier,8,0.9999913973645261,8,0.9999945283719426,8,0.999262963392315,3
28267,5,centroid_outlier,5,0.9999592954228603,5,0.9920714837409594,5,0.9560727612388086,3
28293,2,isolation_forest_outlier,2,0.9999986553062644,2,0.9999655645704373,2,0.9999813312178237,3
28342,8,intensity_outlier,8,0.9996824936428514,8,0.9917417370277845,8,0.9878079737544242,3
28357,0,centroid_outlier,1,0.9942822858112731,1,0.4618333968985794,8,0.9213798346139013,0
28369,2,isolation_forest_outlier,2,0.9999999677468104,2,0.9999999998532061,2,0.9999999943489926,3
28395,5,intensity_outlier;isolation_forest_outlier;knn_outlier,5,0.9999726492612495,5,0.9994383823150319,5,0.995860894475788,3
28407,2,isolation_forest_outlier,2,0.9999999206555931,2,0.9999999999682969,2,0.9999999999998535,3
28466,0,isolation_forest_outlier,0,0.9999778377981251,0,0.99995122589421,0,0.9993702778040319,3
28471,2,centroid_outlier;isolation_forest_outlier,2,0.9909768208592593,2,0.9999999818908744,2,0.999994586623401,3
28491,5,knn_outlier,5,0.998787996035714,9,0.857132213829691,9,0.9186372462577489,1
28506,8,isolation_forest_outlier,3,0.8692733161597923,8,0.9854193184380121,8,0.7747704282810219,2
28533,2,isolation_forest_outlier,2,0.9989842506935352,2,0.9999999353177553,2,0.9999986799557427,3
28556,4,knn_outlier,4,0.9995466301902249,4,0.9946088659091908,0,0.7961004625983982,2
28628,0,centroid_outlier;isolation_forest_outlier;knn_outlier,0,0.9999964674460412,0,0.9972605943120738,0,0.9999987855495495,3
28761,3,centroid_outlier;full_duplicate;same_label_duplicate,3,0.9948118773650202,7,0.9999995905376426,7,0.9999998331679091,1
28788,8,isolation_forest_outlier,8,0.9978617083827582,5,0.6584429807744487,5,0.5814952731028679,1
28863,4,isolation_forest_outlier,4,0.9999989354123382,4,0.9999934034309603,4,0.999999542821426,3
28898,6,centroid_outlier;intensity_outlier;isolation_forest_outlier;knn_outlier,6,0.9587503199468246,6,0.953285471592993,6,0.40368172721717566,3
28904,0,isolation_forest_outlier,0,0.9999993191385362,0,0.9999986844409655,0,0.9999998364991377,3
28910,0,isolation_forest_outlier,0,0.9999998915351895,0,0.9999999927868302,0,0.9999999981946301,3
28920,2,isolation_forest_outlier;knn_outlier,2,0.999950642620488,2,0.9999963184016072,2,0.9989574115708766,3
28957,3,isolation_forest_outlier,3,0.9999999851369268,3,0.9999999999659834,3,0.9999999999989837,3
29048,6,centroid_outlier;intensity_outlier;knn_outlier,6,0.9999311238699826,6,0.9853659010039534,6,0.9989314911412809,3
29126,8,centroid_outlier,8,0.9999967805888639,8,0.9992279719876191,8,0.9977430656060385,3
29132,8,knn_outlier,6,0.9524831209305203,6,0.9619084997162706,6,0.9998877220117575,0
29246,3,isolation_forest_outlier,3,0.9999706472833447,3,0.999900146816807,3,0.9999943707952809,3
29320,1,centroid_outlier;intensity_outlier,1,0.9987283978686811,5,0.8545953063229442,3,0.5086351993300456,1
29339,4,intensity_outlier,4,0.999999715985549,4,0.9999999026072658,4,0.9999999522564939,3
29350,6,intensity_outlier,6,0.9999999026766674,6,0.999999999275123,6,0.9999999895285722,3
29391,3,centroid_outlier;full_duplicate;intensity_outlier;same_label_duplicate,3,0.9992049917691804,3,0.9951642953007299,2,0.621667402336299,2
29434,1,centroid_outlier;intensity_outlier,1,0.9968087799926079,2,0.9996194450275372,2,0.9997553873035472,1
29489,6,centroid_outlier;knn_outlier,6,0.9999438152393814,6,0.9998448591084262,6,0.9997961706109713,3
29503,4,centroid_outlier;isolation_forest_outlier,4,0.9999988227719533,4,0.9999592773139279,4,0.9999923661970795,3
29530,4,knn_outlier,4,0.9999069056420802,8,0.9220103131451604,2,0.39699575467498033,1
29548,6,intensity_outlier,6,0.9999989278912241,6,0.991244652791865,6,0.9999512060565378,3
29633,7,centroid_outlier,7,0.9999575142321568,7,0.9916909092714983,7,0.994633190805874,3
29664,0,isolation_forest_outlier,0,0.9999844087050445,0,0.9999854155749968,0,0.9999999572339793,3
29750,0,intensity_outlier,0,0.9999627034742103,0,0.9909881216642206,0,0.9929521859976719,3
29764,4,centroid_outlier,4,0.9998873456416245,4,0.9992990448171871,4,0.9999916903304427,3
29780,8,knn_outlier,8,0.9999682843721609,8,0.9987268986337183,8,0.9998873978187351,3
29872,6,isolation_forest_outlier,6,0.99981178950856,6,0.9962278275332082,6,0.9991345883299194,3
29926,0,intensity_outlier,0,0.9999926231856142,0,0.9998245883421866,0,0.9999022268611026,3
29960,4,centroid_outlier,4,0.9974916091159183,4,0.7057326598222994,4,0.5229981155465855,3
29966,6,centroid_outlier,6,0.9997686965869157,6,0.9974986754811572,6,0.9105144940951752,3
29967,2,intensity_outlier,2,0.9990893638440852,2,0.9837565612249304,2,0.9182765101096537,3
30037,0,knn_outlier,0,0.9909994187058726,0,0.9905614344588807,8,0.9990474283880921,2
30047,1,centroid_outlier,1,0.9994513924737937,1,0.9999619518661046,1,0.941683155567122,3
30054,2,centroid_outlier;intensity_outlier,2,0.999999978996581,2,0.9999555211949172,2,0.9999909065742807,3
30123,0,centroid_outlier,0,0.9953197959857196,8,0.7408400449373795,8,0.8677989123113439,1
30130,3,knn_outlier,3,0.9531259098610525,3,0.8337151940459679,3,0.35608662523514756,3
30164,4,centroid_outlier;isolation_forest_outlier,4,0.9999999295728849,4,0.999968854646564,4,0.999999613052941,3
30198,4,intensity_outlier,4,0.9999753334626269,4,0.9980204692256811,4,0.9993241698565046,3
30214,1,centroid_outlier,1,0.9999047800240037,1,0.9907208768578742,1,0.4894560552476554,3
30232,6,isolation_forest_outlier,6,0.9999993595781305,6,0.9999797165317769,6,0.9999996358829257,3
30332,6,centroid_outlier;intensity_outlier,6,0.99999856551354,6,0.9999999755295893,6,0.9999998737736229,3
30341,6,isolation_forest_outlier,6,0.999997987430327,6,0.9999997992946635,6,0.9999997790888369,3
30410,5,isolation_forest_outlier,5,0.9999999133706019,5,0.9999999406181379,5,0.9999999517278889,3
30416,8,isolation_forest_outlier,8,0.9994676490364479,8,0.9992073867273291,5,0.5913881944716475,2
30438,0,intensity_outlier,0,0.9967485626989938,0,0.9907468293474918,0,0.9978507603060217,3
30508,1,intensity_outlier,1,0.999825576597475,1,0.9637723282894117,2,0.9992380018457359,2
30553,5,intensity_outlier,5,0.9992592043896231,5,0.9995678080421745,5,0.9989521327559203,3
30596,2,intensity_outlier,2,0.9961635209400939,2,0.9996751818730596,2,0.9993539612746599,3
30738,8,isolation_forest_outlier,8,0.9999999254103737,8,0.9999925555884521,8,0.9997294721962102,3
30870,8,isolation_forest_outlier;knn_outlier,8,0.9999986713158685,2,0.5736857366859214,8,0.9909754100894764,2
30954,4,isolation_forest_outlier,4,0.9999998590071205,4,0.999901976343843,4,0.9999988385856533,3
31014,8,knn_outlier,8,0.9995132078475655,8,0.9677365539958886,8,0.8579730683011602,3
31030,8,centroid_outlier;intensity_outlier;knn_outlier,8,0.9999994348483484,8,0.9882370932935864,8,0.9990283721330784,3
31046,6,centroid_outlier;knn_outlier,6,0.9990936354616405,6,0.9924420915818468,0,0.9857354052325474,2
31087,8,knn_outlier,8,0.9999922275865244,8,0.998647856826983,8,0.9995820996546847,3
31134,1,centroid_outlier,2,0.9971730712248948,2,0.9999991391586543,2,0.9999999958462644,0
31180,0,isolation_forest_outlier,0,0.9999983679766883,0,0.9999999445494514,0,0.9999999986343289,3
31185,2,intensity_outlier,2,0.9862801411918743,4,0.9927926108430536,4,0.9931094339874049,1
31244,3,centroid_outlier;full_duplicate;same_label_duplicate,3,0.997839302134599,3,0.9967642549292347,0,0.9986969527188578,2
31267,2,isolation_forest_outlier,2,0.9999999813204684,2,0.9999999418366659,2,0.9999997214232664,3
31310,0,centroid_outlier,0,0.7088467258240858,8,0.4384700108315236,0,0.46100263815324444,2
31366,1,intensity_outlier,1,0.9976764501968736,8,0.7043256411171277,8,0.8407656466980039,1
31414,8,intensity_outlier,8,0.9999996090733695,8,0.9998336957486453,8,0.9995514570670151,3
31497,0,isolation_forest_outlier,0,0.9999967651606662,0,0.9998734206973215,0,0.9999979322581575,3
31530,8,knn_outlier,8,0.9992604584327317,8,0.9955050774410809,8,0.9888677326903661,3
31545,5,knn_outlier,5,0.9968899688382457,5,0.9999952166784015,5,0.991944064818013,3
31616,2,isolation_forest_outlier,2,0.9999919112822524,2,0.9999979890218015,2,0.9999999747269823,3
31646,6,isolation_forest_outlier,6,0.9999999669598829,6,0.9999999933392314,6,0.9999999841329754,3
31661,0,isolation_forest_outlier,0,0.9999155310895559,0,0.9992381162466176,0,0.9999596079545942,3
31677,0,isolation_forest_outlier,0,0.9999871810518305,0,0.9998941317746725,0,0.9999633344847083,3
31683,0,isolation_forest_outlier,0,0.9999504394466809,0,0.9990764562762051,0,0.9999999758336461,3
31706,8,knn_outlier,5,0.5462936343773619,5,0.880805892999742,5,0.9783581386593733,0
31712,7,centroid_outlier;intensity_outlier,7,0.99997401842367,7,0.8999310436355883,7,0.9913424873005133,3
31781,8,isolation_forest_outlier,8,0.9999999395270153,8,0.9999983808752769,8,0.9999829584640375,3
31857,0,isolation_forest_outlier,0,0.9999998841424783,0,0.9999964720683568,0,0.9999998372569702,3
31904,0,isolation_forest_outlier,0,0.9999887246230766,0,0.9999311424759537,0,0.999793498795644,3
31962,3,centroid_outlier;intensity_outlier,3,0.9957823226470539,5,0.7650213516598969,5,0.4211275820095843,1
32070,1,centroid_outlier;intensity_outlier,1,0.9999898767542488,2,0.9904224834131857,2,0.9992435433850191,1
32080,5,centroid_outlier,5,0.9999988628944645,5,0.9913660746650894,5,0.9996473666383588,3
32101,4,centroid_outlier;intensity_outlier,4,0.9999985902461127,4,0.9938426216856487,4,0.9976936840859035,3
32126,4,centroid_outlier,4,0.9999997278071716,4,0.9999863685047408,4,0.9999833093666467,3
32129,1,centroid_outlier;intensity_outlier,1,0.9982666764834225,1,0.997208484468082,8,0.5383767782621947,2
32236,7,intensity_outlier,7,0.9964853313827824,7,0.9882786384331251,7,0.6988418374274411,3
32250,2,intensity_outlier;isolation_forest_outlier;knn_outlier,2,0.9912101819126194,2,0.8152473508398886,2,0.9901318074934982,3
32355,8,knn_outlier,8,0.9999990690211006,8,0.9993525070180566,8,0.9975405838462161,3
32389,8,isolation_forest_outlier,8,0.9999997445246458,8,0.9999323202910082,8,0.9999999695442205,3
32401,3,intensity_outlier,3,0.9999999965864363,3,0.9999963233004691,3,0.9999997519768302,3
32413,1,centroid_outlier;intensity_outlier,1,0.9956672187014055,1,0.9993453477204559,1,0.6877382327664738,3
32427,0,knn_outlier,0,0.999781064977847,0,0.9159014400458119,0,0.9836378571358891,3
32438,2,centroid_outlier;intensity_outlier,2,0.9999961671714442,2,0.9999995387600131,2,0.9999851569737974,3
32447,1,centroid_outlier,1,0.9999986687566139,1,0.9999979671598072,1,0.9999635167694388,3
32449,1,centroid_outlier;intensity_outlier,1,0.9999996978009301,1,0.9999985325682808,1,0.9999856674144605,3
32452,8,intensity_outlier,8,0.9999431795760639,8,0.9346009643929081,8,0.9995453404166712,3
32492,5,isolation_forest_outlier,5,0.9999998734821136,5,0.9999876257678937,5,0.9999921114778917,3
32525,2,intensity_outlier,2,0.9999998326644304,2,0.9999997717520918,2,0.999999999960179,3
32548,5,knn_outlier,5,0.9999990533512941,5,0.9999999938213116,5,0.999999939440381,3
32734,6,centroid_outlier;isolation_forest_outlier,6,0.9999991346063806,6,0.9999999638378818,6,0.9999999938921733,3
32776,4,centroid_outlier;isolation_forest_outlier;knn_outlier,4,0.9939049468198637,4,0.9911807813773515,0,0.9663763290178863,2
32814,1,centroid_outlier,1,0.9989551303754235,2,0.6558348051646967,6,0.9554454464321496,1
32926,8,knn_outlier,8,0.997535404445239,6,0.9947086100369394,6,0.9291945864784533,1
32954,5,centroid_outlier;isolation_forest_outlier,5,0.9999998692184362,5,0.9999995798334878,5,0.9999998371774662,3
32994,6,isolation_forest_outlier,6,0.9999970967773276,6,0.9999772115957095,6,0.9999964894971627,3
33010,6,isolation_forest_outlier,6,0.9999942632102242,6,0.9999974351331553,6,0.9999732106194734,3
33027,2,isolation_forest_outlier,2,0.999044806505788,2,0.999990434734105,2,0.9999999754087793,3
33038,8,knn_outlier,8,0.9999338698845228,8,0.9639882449743985,8,0.9891093274285168,3
33044,5,knn_outlier,5,0.9999665950846032,5,0.9999789857510387,5,0.9875597509610816,3
33102,6,isolation_forest_outlier,6,0.9993631669564126,6,0.9918776925232887,6,0.9993286664648499,3
33162,8,knn_outlier,8,0.9954142135886026,2,0.4982217500356202,2,0.7602376381604169,1
33388,8,knn_outlier,8,0.9979472916699341,8,0.847360043911418,9,0.7929946775683401,2
33404,5,isolation_forest_outlier,5,0.9999972078890133,5,0.9999965312152218,5,0.9999044770075772,3
33425,1,centroid_outlier;intensity_outlier,1,0.9998958782980857,1,0.9994958944836002,1,0.95788363901011,3
33492,0,isolation_forest_outlier,0,0.9999973969538842,0,0.99999976873266,0,0.9999999792376959,3
33506,4,intensity_outlier,4,0.9899235442589795,4,0.8433323985810548,1,0.8173088918049078,2
33522,0,centroid_outlier;isolation_forest_outlier,0,0.9997227794974384,0,0.9999706766641474,0,0.9999999882121603,3
33630,4,isolation_forest_outlier,4,0.9998117256471767,4,0.9998345860158785,4,0.9997860122343315,3
33820,8,intensity_outlier,8,0.9999991702507219,8,0.9944096415975198,8,0.9989432560809437,3
33980,6,isolation_forest_outlier,6,0.999602329399882,6,0.9998083867353715,6,0.9966450843882456,3
34014,0,isolation_forest_outlier,0,0.9999999322994769,0,0.9999995327673779,0,0.9999999877717317,3
34197,0,isolation_forest_outlier,0,0.9999998057212798,0,0.9999999974913978,0,0.9999999999726881,3
34202,2,isolation_forest_outlier,2,0.9999994723439205,2,0.999999791632355,2,0.9999999783002471,3
34304,8,knn_outlier,8,0.9999930741076011,8,0.9997870789094707,8,0.9939599021390734,3
34360,6,intensity_outlier,6,0.9999579336835213,6,0.9965509210413911,6,0.9994045181217551,3
34404,3,isolation_forest_outlier,3,0.9984500748638745,5,0.9234826903670024,3,0.985675016590883,2
34422,8,isolation_forest_outlier,8,0.999982541980011,8,0.9998163850988074,8,0.954020287735696,3
34445,7,centroid_outlier,7,0.9999918831118448,7,0.9998285958941541,7,0.9997642779343464,3
34486,0,intensity_outlier,0,0.9937075564506066,0,0.8837285762269577,7,0.7460848139168165,2
34508,0,isolation_forest_outlier,0,0.9999976734169189,0,0.9994545110208051,0,0.9999962519042551,3
34578,6,isolation_forest_outlier,6,0.9998428919170851,6,0.9999999523839169,6,0.9999998896434517,3
34678,8,isolation_forest_outlier;knn_outlier,8,0.9985730955724177,8,0.9927005419874033,2,0.8816091306759419,2
34708,0,knn_outlier,0,0.9570358534297694,5,0.513599037071485,0,0.6155955687322241,2
34714,0,intensity_outlier,0,0.9984584896400427,0,0.9890779513648745,0,0.9676647771380402,3
34724,2,intensity_outlier,2,0.9999999478654726,2,0.9999916964124103,2,0.9999913877273251,3
34815,3,isolation_forest_outlier;knn_outlier,3,0.9981133888405652,2,0.8999529818271296,3,0.9982456343671751,2
34883,8,isolation_forest_outlier,8,0.999986351142774,8,0.996758082266337,8,0.9997366611483449,3
34974,8,isolation_forest_outlier,8,0.9999999473507523,8,0.9999924042578802,8,0.9999952476733357,3
35051,2,knn_outlier,2,0.5013441129321433,2,0.6466169735080944,3,0.5299676810439771,2
35064,0,centroid_outlier,0,0.9940437824375727,6,0.9979780597580727,6,0.9924822136915278,1
35230,8,isolation_forest_outlier,8,0.9999989522726471,8,0.9999879476700054,8,0.999998774959464,3
35324,4,centroid_outlier;intensity_outlier;knn_outlier,4,0.9972662218583486,4,0.9961727659052668,4,0.9997273664793915,3
35355,3,centroid_outlier;intensity_outlier;knn_outlier,3,0.9958323480199565,3,0.9502125452501132,8,0.9985260770860873,2
35464,3,centroid_outlier;full_duplicate;same_label_duplicate,3,0.9990329838211045,3,0.9194886381112477,3,0.7789460703143835,3
35566,6,isolation_forest_outlier,6,0.999999251735972,6,0.9999981602800847,6,0.9999999023996624,3
35629,8,isolation_forest_outlier,8,0.9999999537839933,8,0.99999993980897,8,0.999999997465715,3
35632,0,intensity_outlier,0,0.9992419569293469,0,0.9910141795998335,0,0.9650407722648544,3
35659,0,isolation_forest_outlier,0,0.9999999566354559,0,0.9999999696540414,0,0.9999999992372346,3
35782,0,isolation_forest_outlier,0,0.9999998559542101,0,0.9999999459563014,0,0.9999999999953793,3
35832,2,intensity_outlier,2,0.9999961590422627,2,0.9999997864872946,2,0.9999999996990787,3
35864,5,isolation_forest_outlier,5,0.9983170454435251,5,0.6776241812186923,3,0.9607945003139176,2
35876,3,isolation_forest_outlier,3,0.999998122940907,3,0.9999857446075723,3,0.99894008516132,3
35943,0,intensity_outlier,0,0.9947269066780162,5,0.786098081157382,0,0.9621357253108225,2
35958,8,isolation_forest_outlier,8,0.9999999627988267,8,0.999695085034456,8,0.9962546046205646,3
35962,6,centroid_outlier;isolation_forest_outlier,6,0.9999601241357591,6,0.9997794709373939,6,0.9952719767979876,3
36072,2,centroid_outlier;knn_outlier,2,0.9961160989220555,0,0.8038587056861152,5,0.7615033647424224,1
36147,2,intensity_outlier,2,0.9999999455511653,2,0.9999999997854874,2,0.9999999997771736,3
36149,3,intensity_outlier,3,0.9999983130017014,3,0.9999938272879072,3,0.9999620374214147,3
36157,7,centroid_outlier,7,0.9999992435234013,7,0.9999998770110965,7,0.9999999924524344,3
36166,2,isolation_forest_outlier,2,0.9999927139986529,2,0.9999981380588261,2,0.9999026000959611,3
36173,5,centroid_outlier;intensity_outlier,5,0.9999998373171377,5,0.9999999982128114,5,0.9999999952124179,3
36175,6,centroid_outlier,6,0.999999815395418,6,0.999999997356873,6,0.9999999962474109,3
36193,5,centroid_outlier;intensity_outlier;isolation_forest_outlier,5,0.9999983516017193,5,0.9999999941914444,5,0.9999999429851519,3
36195,6,centroid_outlier,6,0.9999998130678817,6,0.999999999616094,6,0.9999999999254912,3
36197,7,centroid_outlier,7,0.9999999554539811,7,0.999999998421339,7,0.999999998159496,3
36268,5,knn_outlier,5,0.9968646418002746,0,0.5546201936592493,0,0.5001149254554728,1
36281,7,centroid_outlier,7,0.9999983249806769,7,0.9999979086776096,7,0.9995660551143134,3
36290,0,isolation_forest_outlier,0,0.999962039974833,0,0.9999130831987894,0,0.999993625390095,3
36470,5,isolation_forest_outlier,5,0.999999968391834,5,0.9999999220432897,5,0.9999999788666432,3
36475,2,centroid_outlier;intensity_outlier;isolation_forest_outlier;knn_outlier,2,0.9956369160237026,2,0.9982633384730791,2,0.9914801089499086,3
36486,3,full_duplicate;isolation_forest_outlier;same_label_duplicate,3,0.9997099607295376,3,0.9995510711360537,3,0.8250111784415854,3
36505,2,isolation_forest_outlier,2,0.999999974796713,2,0.9999901501103872,2,0.9999977940252507,3
36560,0,isolation_forest_outlier,0,0.9999967109769984,0,0.9999997553455094,0,0.9999999949168221,3
36562,0,isolation_forest_outlier,0,0.9998590429050993,0,0.9996014211712794,0,0.998681562422316,3
36578,6,isolation_forest_outlier,6,0.9999928449355178,6,0.9999998316884892,6,0.9999986240234983,3
36581,6,intensity_outlier,6,0.999991226053504,6,0.9996833514193109,6,0.9999957941197831,3
36583,7,intensity_outlier,7,0.9999998558329882,7,0.9999999786147837,7,0.9999997388165853,3
36591,1,intensity_outlier,1,0.9999967557912244,1,0.9997608389499727,1,0.998026134508503,3
36599,5,intensity_outlier,5,0.998852752454187,5,0.9994953443481397,3,0.9704385063656,2
36669,1,intensity_outlier,1,0.9999052354969605,1,0.9848315675965323,1,0.7621408097092013,3
36717,2,isolation_forest_outlier,2,0.9999997425261761,2,0.9999999951340741,2,0.9999999268933102,3
36725,6,intensity_outlier,6,0.9999879701558758,6,0.9999972574251634,6,0.9999999325172532,3
36744,1,centroid_outlier,1,0.9918998658432324,4,0.6600153149710732,4,0.933732769855068,1
36765,1,intensity_outlier,1,0.9999836365476076,1,0.9998804461053116,1,0.9932752510350098,3
36774,5,intensity_outlier,5,0.9894951101611205,5,0.9008995043265011,5,0.8099895566586598,3
36797,0,intensity_outlier,0,0.9999999541255279,0,0.9999999729943795,0,0.9999999997903688,3
36810,6,isolation_forest_outlier,6,0.9994103482639576,6,0.984990833195081,4,0.566941114917047,2
36870,8,isolation_forest_outlier,8,0.9999996689648433,8,0.9999991952700712,8,0.999989585966393,3
36878,8,isolation_forest_outlier,8,0.9997347414091512,8,0.9863237268393035,3,0.42566179305971524,2
36884,2,knn_outlier,2,0.9999975900289704,2,0.9999901641810652,2,0.9999739809731909,3
36984,5,centroid_outlier;isolation_forest_outlier,5,0.9997666708285949,5,0.9989276417745575,5,0.9995851242441567,3
37074,4,centroid_outlier;intensity_outlier,4,0.9999874162138743,4,0.999991784179461,4,0.9999999239086834,3
37078,8,centroid_outlier;knn_outlier,8,0.9997462172819546,3,0.944892356123886,3,0.7692857109116746,1
37079,0,intensity_outlier,0,0.9999999375806804,0,0.9999999807103547,0,0.9999999999616129,3
37141,0,intensity_outlier,0,0.9999986537541083,0,0.9999997648727745,0,0.9999999999242382,3
37198,8,intensity_outlier,8,0.9985678579757097,8,0.9376576567732035,8,0.5292416268302296,3
37225,1,centroid_outlier;intensity_outlier,1,0.9999806874985391,1,0.9998530755227656,1,0.9961752097035972,3
37256,6,isolation_forest_outlier,6,0.998938952673519,5,0.84177047526087,6,0.6091270772589388,2
37270,5,knn_outlier,5,0.9996431724963776,5,0.9999833941516736,5,0.9999929895259336,3
37305,1,centroid_outlier,1,0.9999985259734303,1,0.9999301667788075,1,0.9851998436736036,3
37383,3,centroid_outlier;full_duplicate;same_label_duplicate,3,0.999903166577803,3,0.998213502359411,0,0.7283482239587062,2
37418,2,isolation_forest_outlier,2,0.9999997103328666,2,0.9999999999973264,2,0.9999999999711149,3
37440,2,knn_outlier,2,0.99949905563132,2,0.9999930135957992,2,0.9993192127303293,3
37491,2,isolation_forest_outlier,2,0.999960098054949,2,0.999995072285614,2,0.9999769861605732,3
37542,6,centroid_outlier;intensity_outlier,6,0.999742998969245,6,0.933313271897312,6,0.9994543890596721,3
37549,6,isolation_forest_outlier,6,0.9999999285005554,6,0.9999999983991954,6,0.9999999979192695,3
37575,3,centroid_outlier;full_duplicate;intensity_outlier;same_label_duplicate,3,0.9960858466692822,3,0.9719343202047906,3,0.7791210784075491,3
37601,2,knn_outlier,2,0.9999981447246752,2,0.9999999997965214,2,0.9999999999998173,3
37652,3,intensity_outlier,3,0.9966123446225379,3,0.9679241980515261,3,0.908825937068512,3
37738,0,isolation_forest_outlier,0,0.9999683833668312,0,0.999684596996812,0,0.9999416389660059,3
37750,5,knn_outlier,5,0.9996195646322864,5,0.9936204853929187,5,0.870146411082274,3
37758,0,knn_outlier,0,0.9997466020581578,0,0.905936037272638,7,0.46184784634120046,2
37760,2,knn_outlier,2,0.9999974286150901,2,0.9999985327035976,2,0.9999999707148113,3
37794,4,centroid_outlier;isolation_forest_outlier,4,0.9999999406582931,4,0.9999604668905132,4,0.9999971865389338,3
37816,1,centroid_outlier,1,0.8811567124284645,4,0.9910680677221263,4,0.8778551568730216,1
37830,5,isolation_forest_outlier,5,0.9998203737730709,5,0.999982263111304,5,0.9999998948527198,3
37839,1,intensity_outlier,1,0.9999873361387971,1,0.9999808088038932,1,0.9988918353914499,3
37869,1,centroid_outlier,1,0.9999997700510705,1,0.9999993953820593,1,0.9999380969062218,3
37881,1,centroid_outlier,1,0.9999997697312004,1,0.9999960100362547,1,0.9999911433214204,3
37921,0,intensity_outlier,0,0.9996868528863574,2,0.5521437749791817,0,0.6339941714591041,2
37946,0,intensity_outlier,0,0.9999970306771846,0,0.9931222781879923,0,0.999349894307989,3
38080,2,knn_outlier,2,0.9989537273478355,2,0.6918107310028976,0,0.9192485476142532,2
38087,3,isolation_forest_outlier,3,0.9984231913360696,3,0.9994329157642099,3,0.9999784143095335,3
38090,5,isolation_forest_outlier,5,0.9999989890746458,5,0.999837073745176,5,0.999958408385572,3
38107,2,isolation_forest_outlier,2,0.999998124873815,2,0.999999959102413,2,0.9999999938694757,3
38151,8,isolation_forest_outlier,8,0.9999998035535023,8,0.9999736464979261,8,0.9999998966392094,3
38198,0,isolation_forest_outlier,0,0.9999266168084056,0,0.9999993771567204,0,0.9999999984162893,3
38256,2,centroid_outlier,2,0.9984691464719994,0,0.5459821194363981,0,0.7202234031292145,1
38293,3,full_duplicate;isolation_forest_outlier;same_label_duplicate,3,0.9999999983874552,3,0.9999999999997935,3,0.9999999999997695,3
38593,3,full_duplicate;isolation_forest_outlier;same_label_duplicate,3,0.9999953573546022,3,0.9998920838271916,3,0.9934979078272616,3
38692,2,isolation_forest_outlier,2,0.9999989868450352,2,0.9999464092639984,2,0.9999997396612592,3
38760,9,centroid_outlier;intensity_outlier,9,0.9791153260055623,9,0.930145226224308,5,0.5049672991169895,2
38792,5,centroid_outlier;isolation_forest_outlier,5,0.9999998562428605,5,0.9999590981461263,5,0.999046874939484,3
38898,4,centroid_outlier;knn_outlier,4,0.9999937514092024,4,0.9999450261913025,4,0.9981051617079203,3
39008,2,isolation_forest_outlier,2,0.9999937312855085,2,0.9999890652502393,2,0.9999996725320479,3
39110,4,isolation_forest_outlier,4,0.9999828639842926,4,0.9999947314044719,4,0.9999999558729133,3
39204,4,isolation_forest_outlier,4,0.9999924500979761,4,0.9999936742409244,4,0.9999987441979096,3
39266,8,isolation_forest_outlier,8,0.9998776391627333,8,0.9999219601401639,8,0.9989379819621906,3
39281,1,intensity_outlier,1,0.9982308083653147,1,0.999860008499505,1,0.7402408117457132,3
39293,9,centroid_outlier;intensity_outlier;knn_outlier,9,0.9991895814154995,9,0.9661044103134976,4,0.8612053342226523,2
39309,0,knn_outlier,0,0.9998097172167248,0,0.9938129128292972,0,0.9909542330234419,3
39441,1,centroid_outlier;intensity_outlier,1,0.9999964361082601,1,0.9999373047826909,1,0.9994434519388056,3
39442,8,isolation_forest_outlier,8,0.9999993476086133,8,0.9988351905697075,8,0.9998670023606819,3
39451,1,centroid_outlier,1,0.999726510556041,1,0.9998838395404328,1,0.9357549950035852,3
39455,6,intensity_outlier,6,0.9999972986254768,6,0.9999237905267049,6,0.9999639298254795,3
39457,0,centroid_outlier,0,0.9998028214938885,0,0.9615064776981659,4,0.6712351966197296,2
39463,0,intensity_outlier,0,0.9999056088872895,0,0.9999763865279744,0,0.9999996537417155,3
39467,2,isolation_forest_outlier,2,0.999999326680434,2,1.0,2,1.0,3
39473,5,knn_outlier,5,0.9999996656009286,5,0.9997681257844172,5,0.9989098035865401,3
39486,4,centroid_outlier,4,0.9974394338150004,4,0.9999997675582127,4,0.9955768278120322,3
39520,3,intensity_outlier,3,0.9705191629889097,1,0.7020984257195254,1,0.863736160731747,1
39545,2,isolation_forest_outlier,2,0.999999451493744,2,0.9999999999999822,2,0.9999999999739975,3
39662,8,isolation_forest_outlier;knn_outlier,8,0.9991838104034872,8,0.9991263486923586,8,0.9914799502933533,3
39688,2,intensity_outlier,2,0.9999836249146662,2,0.999961324925609,2,0.9739870040836817,3
39776,1,centroid_outlier;intensity_outlier,1,0.9845721161607199,1,0.9089530872465011,1,0.6498956380567721,3
39820,3,full_duplicate;intensity_outlier;same_label_duplicate,3,0.9999800004739551,3,0.9008939349498829,3,0.9658916103277414,3
39848,0,centroid_outlier;knn_outlier,0,0.9991114710294958,6,0.9203487652733945,6,0.9979049839919034,1
39858,5,isolation_forest_outlier,5,0.9999978363343686,5,0.9999997128504464,5,0.9999944531365323,3
40034,6,centroid_outlier;intensity_outlier,6,0.9874645781254824,6,0.9830392585307878,6,0.9828918973854404,3
40040,0,isolation_forest_outlier,0,0.9987584159811611,0,0.9999869122387758,0,0.9999946881446308,3
40064,8,intensity_outlier,8,0.9938197884858422,8,0.9668998961943615,8,0.9702247037760638,3
40183,2,isolation_forest_outlier,2,0.9999719222739244,2,0.9999902296625544,2,0.9999990820384956,3
40224,4,centroid_outlier;isolation_forest_outlier,4,0.9999992047911146,4,0.999993987392006,4,0.9999914687993536,3
40230,6,isolation_forest_outlier,6,0.9999996333682412,6,0.9999990413977967,6,0.9999999206548184,3
40272,2,isolation_forest_outlier,2,0.9999999579593113,2,0.999999999999154,2,0.9999999999999976,3
40386,7,centroid_outlier;intensity_outlier;knn_outlier,7,0.9997613172713926,9,0.6220227467323084,7,0.6244128952982394,2
40394,6,isolation_forest_outlier,6,0.9999998973905656,6,0.9999999995892468,6,0.9999999996397708,3
40416,2,isolation_forest_outlier,2,0.9999999848638335,2,0.9999996780662594,2,0.9999998925105256,3
40426,4,centroid_outlier;isolation_forest_outlier,4,0.9999969801888852,4,0.9995686431810166,4,0.99997183742792,3
40445,2,isolation_forest_outlier,2,0.9999995992346241,2,0.9999995628193676,2,0.9999999948090679,3
40466,8,centroid_outlier;knn_outlier,8,0.9956994315570395,6,0.996877720131003,6,0.9999658203526153,1
40483,3,full_duplicate;intensity_outlier;same_label_duplicate,3,0.9999995294446096,3,0.993176623312461,3,0.999624896808094,3
40492,6,centroid_outlier;intensity_outlier;isolation_forest_outlier;knn_outlier,6,0.9993459803390521,6,0.9969264829112777,6,0.8987149835972063,3
40530,2,knn_outlier,2,0.9927820517139523,2,0.5851707900048266,3,0.8810820245310594,2
40534,5,isolation_forest_outlier,5,0.9999978641707526,5,0.9999755413133434,5,0.9999996040846533,3
40583,9,intensity_outlier,9,0.9913555286882014,9,0.9934124447153205,9,0.9988166579618427,3
40642,6,isolation_forest_outlier,6,0.9999960491968795,6,0.8968054303906134,6,0.9999832432894287,3
40644,1,intensity_outlier,1,0.9999658726470392,1,0.9976513795657838,1,0.7569111588754996,3
40726,8,knn_outlier,8,0.9999999180747765,8,0.9996076561634227,8,0.9877856683049101,3
40766,4,centroid_outlier,4,0.9979344880534686,4,0.9993575507660399,0,0.9985844779558413,2
40976,1,intensity_outlier,1,0.9962448354963047,2,0.9859344841698481,2,0.929728055035586,1
41027,0,isolation_forest_outlier,0,0.9994144088777147,0,0.9914512970085495,0,0.998536247457616,3
41054,7,centroid_outlier,7,0.999858848036221,7,0.999936351889659,7,0.9999793658223328,3
41142,6,centroid_outlier;intensity_outlier,6,0.9999969983540475,6,0.9999996776306328,6,0.9999980572174186,3
41181,2,isolation_forest_outlier,2,0.9999998500294273,2,0.9999978374114401,2,0.9999999912635006,3
41189,2,isolation_forest_outlier,2,0.9999998929094797,2,0.9999834474942473,2,0.9999999282562095,3
41290,2,centroid_outlier,2,0.9958155820767043,2,0.9724585386284235,2,0.9996109133933508,3
41310,7,intensity_outlier;isolation_forest_outlier,7,0.9999997073047091,7,0.9999997031224293,7,0.999998973011716,3
41358,0,centroid_outlier;intensity_outlier;isolation_forest_outlier;knn_outlier,0,0.99926709132397,0,0.6361765770846565,8,0.3273572576628121,2
41426,4,knn_outlier,4,0.9883883711588243,4,0.8071546998224858,4,0.42021986535002237,3
41430,6,isolation_forest_outlier,6,0.9999997671623215,6,0.9999999999793483,6,0.9999999999708669,3
41434,9,centroid_outlier;intensity_outlier;knn_outlier,9,0.9930170792292591,9,0.9589862183522103,3,0.8097052987479947,2
41453,3,centroid_outlier,3,0.998471585127982,3,0.735470124936522,0,0.9818717659126903,2
41487,1,centroid_outlier,1,0.9999630744267266,1,0.9998777832078516,1,0.9995401738160978,3
41572,6,centroid_outlier,6,0.9998929247470941,6,0.9838983367064061,6,0.9494874411610689,3
41736,6,isolation_forest_outlier,6,0.9999998122731747,6,0.9999999984603294,6,0.9999999986573618,3
41839,1,intensity_outlier,1,0.9999850744669521,1,0.9999797731077769,1,0.9990672528969912,3
41843,3,full_duplicate;isolation_forest_outlier;same_label_duplicate,3,0.9984500748638745,5,0.9234826903670024,3,0.985675016590883,2
41900,2,isolation_forest_outlier,2,0.9999415195929368,2,0.9999998948829139,2,0.9999948100228877,3
41904,5,centroid_outlier;intensity_outlier;knn_outlier,5,0.9995967157725858,8,0.5422423658044012,8,0.9322783051225165,1
41924,9,centroid_outlier,9,0.9756810251640187,9,0.5292696546470316,9,0.5857535886654741,3
42031,7,intensity_outlier,7,0.999999996763764,7,0.9999999958667034,7,0.9999999860585866,3
42037,2,isolation_forest_outlier,2,0.9999991075309498,2,0.9999998488743767,2,0.9999960861780436,3
42114,3,intensity_outlier,3,0.9997280051657461,1,0.8100682023850928,1,0.663605582595563,1
42190,6,isolation_forest_outlier,6,0.9999996856321205,6,0.9999997015228173,6,0.9999839769724921,3
42208,8,isolation_forest_outlier,8,0.9999996806379247,8,0.9999332390233533,8,0.9999900265328961,3
42224,0,isolation_forest_outlier,0,0.9999997629483004,0,0.999999812197877,0,0.9999998512145695,3
42247,6,intensity_outlier,6,0.9999994276531833,6,0.999792696545144,6,0.9999676043491311,3
42308,2,isolation_forest_outlier,2,0.999999037800465,2,0.9999999999999893,2,0.9999999999999742,3
42347,8,isolation_forest_outlier,8,0.9999917440262602,8,0.9995844819897048,8,0.9807093155068998,3
42464,4,centroid_outlier;intensity_outlier,4,0.9999996455400142,4,0.9999856345538628,4,0.9999930193055867,3
42475,6,isolation_forest_outlier,6,0.9999999436305972,6,0.9999999998862226,6,0.9999999969374482,3
42481,6,isolation_forest_outlier,6,0.9999998735695501,6,0.9999985662942772,6,0.9999991286249982,3
42517,5,isolation_forest_outlier,5,0.9999993802012128,5,0.99999999977798,5,0.9999999996432656,3
42595,8,intensity_outlier,8,0.9999999751719462,8,0.9997433835407344,8,0.9999909686265497,3
42612,0,intensity_outlier,0,0.9999996581151324,0,0.999043125888688,0,0.9951344777779385,3
42632,0,knn_outlier,0,0.9980693046447099,0,0.5699065321006679,5,0.5424938708902213,2
42671,2,knn_outlier,2,0.99500926834007,2,0.9998559756050045,2,0.9999873708772377,3
42730,6,centroid_outlier;isolation_forest_outlier,6,0.9999997103472611,6,0.9999999996487015,6,0.9999999988646449,3
42741,2,isolation_forest_outlier,2,0.9999993989726506,2,0.9999993964479942,2,0.9999998739487695,3
42777,3,isolation_forest_outlier,3,0.9999998579822627,3,0.9999999899325916,3,0.9999999996563931,3
42805,2,isolation_forest_outlier,2,0.9999998891897685,2,0.9996833975681456,2,0.9997785707898199,3
42832,8,intensity_outlier,8,0.999921548565806,8,0.9981581944686702,8,0.9970391525757715,3
42836,5,isolation_forest_outlier,5,0.9999998436842417,5,0.9996229003699498,5,0.9998098248787477,3
42839,2,centroid_outlier,2,0.9999999138555417,2,0.9946098631624384,2,0.9989518497754816,3
43040,2,isolation_forest_outlier,2,0.9999980616076644,2,0.9999999932935388,2,0.9999999973748364,3
43208,3,centroid_outlier;full_duplicate;same_label_duplicate,3,0.9990338411795354,3,0.618909319813354,3,0.9854182061484136,3
43347,0,isolation_forest_outlier,0,0.9999988972170193,0,0.9999999978280227,0,0.9999999999282563,3
43391,2,isolation_forest_outlier,2,0.9999848803648291,2,0.9999707434289653,2,0.999999526386175,3
43441,2,isolation_forest_outlier,2,0.999999976152577,2,0.9999952156787323,2,0.999977609509033,3
43452,4,centroid_outlier;intensity_outlier;isolation_forest_outlier,4,0.9999998650915227,4,0.9999999747447146,4,0.9999999765238244,3
43504,8,centroid_outlier;isolation_forest_outlier,8,0.9999860146530413,8,0.9997901242971472,8,0.9999636908828664,3
43514,2,isolation_forest_outlier,2,0.9999969821846245,2,0.9999852351013335,2,0.99999874987264,3
43538,8,isolation_forest_outlier,8,0.9999989139201667,8,0.9999209200173876,8,0.999803450810083,3
43560,5,isolation_forest_outlier,5,0.9999607934557696,5,0.9976167200114091,5,0.9355306922592692,3
43624,0,isolation_forest_outlier,0,0.9999992724440343,0,0.9999999570851051,0,0.9999999975086535,3
43722,7,intensity_outlier,7,0.9999991919412045,7,0.9999954511052054,7,0.9999299133613876,3
43856,5,centroid_outlier;isolation_forest_outlier,5,0.999999931493766,5,0.999739128866926,5,0.9999989339455753,3
44078,6,intensity_outlier,6,0.9532303368688866,6,0.9743747095733257,6,0.9679613943628158,3
44096,0,isolation_forest_outlier,0,0.9999887116771917,0,0.9999798053997427,0,0.9999839843584047,3
44109,1,centroid_outlier,1,0.999997278520115,1,0.9999867618679106,1,0.9996197811900115,3
44186,2,intensity_outlier,2,0.9999973027792914,2,0.9999984459323563,2,0.9999999974058595,3
44227,1,centroid_outlier,1,0.9999998425014694,1,0.9999994068431265,1,0.9999905788035804,3
44327,1,centroid_outlier;intensity_outlier,1,0.999280971885061,1,0.9997509092029399,1,0.9995072936830652,3
44344,0,isolation_forest_outlier,0,0.9999997194452844,0,0.9999997778808674,0,0.9999999947801037,3
44560,0,isolation_forest_outlier,0,0.9999996400549579,0,0.9999999967484383,0,0.9999999999906892,3
44568,8,isolation_forest_outlier,8,0.9999999838884999,8,0.9999527474146805,8,0.9998984870582285,3
44748,8,centroid_outlier,8,0.9998703147996402,8,0.8203934058413865,8,0.9977835650374494,3
44780,9,centroid_outlier;isolation_forest_outlier,9,0.9999927303192413,9,0.9999463757202697,9,0.9999203758614341,3
44807,7,centroid_outlier,7,0.9999996972277543,7,0.9999987022528426,7,0.9985762713402593,3
44853,7,centroid_outlier,7,0.9995550758998542,7,0.9926615236160825,0,0.9968015118365833,2
44865,7,centroid_outlier;knn_outlier,7,0.999904560101852,7,0.9692389548560065,0,0.9998844995021718,2
44882,9,centroid_outlier;intensity_outlier,9,0.9999555223737264,9,0.9999969408050831,9,0.9999983510375446,3
44917,0,isolation_forest_outlier,0,0.9999979297074917,0,0.9998523711495381,0,0.9999997882065159,3
44932,6,isolation_forest_outlier,6,0.9999633926404384,6,0.9998208906147259,6,0.9999992765475081,3
44952,6,centroid_outlier,6,0.9999889688463309,6,0.9999934261666555,6,0.9993614570532587,3
44998,4,centroid_outlier,4,0.9999994650037396,4,0.9666664839800423,4,0.9999978609159044,3
45048,4,centroid_outlier;knn_outlier,4,0.9945674822445152,4,0.9257078288189067,0,0.7365447161483277,2
45094,2,centroid_outlier;intensity_outlier;knn_outlier,2,0.9994093085043505,2,0.9999984358116127,2,0.9989694404234548,3
45118,5,centroid_outlier,5,0.9999994077370427,5,0.99994324038275,5,0.9999845105098195,3
45122,8,isolation_forest_outlier;knn_outlier,8,0.9999544379640753,8,0.9982426223233336,5,0.7554119647798684,2
45274,6,isolation_forest_outlier,6,0.9995037692212547,6,0.9933227137229237,6,0.9997201747970939,3
45376,6,centroid_outlier,6,0.9998581847465525,6,0.9997203387164219,6,0.9948320942979221,3
45501,2,intensity_outlier,2,0.9948084366968609,4,0.6535719638706099,4,0.7724037625874265,1
45528,9,intensity_outlier,9,0.9977757909595452,9,0.8277954830278903,9,0.8982827116890291,3
45536,5,isolation_forest_outlier,5,0.9999990869468617,5,0.9999877060584932,5,0.999418789050945,3
45616,5,centroid_outlier,5,0.999992461030099,0,0.7062046633439677,0,0.9999990941957233,1
45634,6,intensity_outlier,6,0.9999967397748768,6,0.9999999809472117,6,0.9999999983118255,3
45688,9,centroid_outlier;intensity_outlier;knn_outlier,9,0.9993499515475945,9,0.999905254271264,9,0.9996797798373112,3
45728,0,isolation_forest_outlier,0,0.9999582965982776,0,0.9210555306615114,0,0.9962414313700594,3
45763,2,knn_outlier,2,0.9999989279347796,2,0.999999999636334,2,0.9999999325278609,3
45800,9,centroid_outlier;intensity_outlier;isolation_forest_outlier;knn_outlier,9,0.9973572709488858,9,0.9564944701331888,2,0.9953414766689693,2
45801,3,knn_outlier,3,0.9756463723748375,3,0.9964697062549883,8,0.881849208220127,2
45912,4,isolation_forest_outlier,4,0.9999998294694916,4,0.999679741150114,4,0.9999703339717978,3
45953,0,intensity_outlier,0,0.9999963350180057,0,0.997795811931863,0,0.9998944812203586,3
46001,2,intensity_outlier,2,0.9999999979508647,2,0.999665254682789,2,0.9999980981556525,3
46036,2,knn_outlier,2,0.9999905873267795,2,0.9977603571378201,2,0.9797207301899213,3
46104,4,centroid_outlier;intensity_outlier,4,0.9999142076381592,4,0.9997332986620826,4,0.9998646758208279,3
46148,9,centroid_outlier;isolation_forest_outlier,9,0.99999945186211,9,0.9999593499756512,9,0.999622151073634,3
46260,7,intensity_outlier,7,0.9999998084524908,7,0.9999881785626252,7,0.9999998103800749,3
46295,3,full_duplicate;isolation_forest_outlier;same_label_duplicate,3,0.999999989181059,3,0.9999999999931073,3,0.9999999999999991,3
46338,8,intensity_outlier;knn_outlier,8,0.9999989020166627,8,0.9998604410651827,8,0.9995363888930694,3
46344,0,intensity_outlier,0,0.999950505719478,0,0.9999985613148531,0,0.9999999997347793,3
46356,7,centroid_outlier;intensity_outlier;knn_outlier,7,0.9999785778909361,3,0.5240687832780997,7,0.9780760286167619,2
46368,8,centroid_outlier,8,0.9991650747247841,0,0.8922056617286284,0,0.765409685858959,1
46378,5,isolation_forest_outlier,5,0.9999999477322034,5,0.9999964517024759,5,0.9998856472044407,3
46476,5,centroid_outlier;isolation_forest_outlier;knn_outlier,5,0.9998979705045616,5,0.9999999830641916,5,0.9999930728844765,3
46483,2,isolation_forest_outlier,2,0.9999999798283505,2,0.999999999999603,2,0.9999999997139388,3
46524,6,centroid_outlier;knn_outlier,6,0.9999252698528842,6,0.9936396819848886,6,0.9690759757016443,3
46707,2,isolation_forest_outlier;knn_outlier,2,0.9999980631163764,2,0.9999983429968479,2,0.9994063830525907,3
46711,4,isolation_forest_outlier,4,0.9999999689885063,4,0.9999862183739838,4,0.9999921700615796,3
46726,0,centroid_outlier,0,0.9956517632671511,8,0.9627019050119506,8,0.8246679571043011,1
46817,8,knn_outlier,8,0.999998872959872,8,0.9999637218233233,8,0.9999392520307772,3
46892,0,isolation_forest_outlier,0,0.9999903578765896,0,0.9999999646374166,0,0.9999999934174832,3
46944,0,intensity_outlier,0,0.9999991323086456,0,0.9999994861345485,0,0.9999999999374438,3
47099,8,isolation_forest_outlier,8,0.9999999927636773,8,0.9999944043672341,8,0.9999974746325019,3
47146,5,centroid_outlier;isolation_forest_outlier,5,0.9991183026581554,5,0.9999997613647479,5,0.999999327966929,3
47189,2,isolation_forest_outlier,2,0.999998031724333,2,0.9999065013256634,2,0.9999236189281648,3
47214,6,centroid_outlier;isolation_forest_outlier,6,0.9999988813960763,6,0.9999990425030383,6,0.9999997477099424,3
47322,8,centroid_outlier;knn_outlier,8,0.9986932831964266,8,0.9886248513182254,2,0.6580826255290182,2
47513,0,isolation_forest_outlier,0,0.999979538684665,0,0.9994930940449341,0,0.9999758765743195,3
47531,2,isolation_forest_outlier,2,0.9999998295302519,2,0.9999999807472725,2,0.9999999999976921,3
47534,2,isolation_forest_outlier,2,0.9999934119402292,2,0.9895354713635274,2,0.9990883833218149,3
47548,8,knn_outlier,8,0.9995383358510568,8,0.9893890555842485,8,0.896216680530849,3
47558,4,centroid_outlier;intensity_outlier;knn_outlier,4,0.997773288375126,4,0.9596591889073818,2,0.6570575162793859,2
47560,7,centroid_outlier,7,0.9999982032007853,7,0.9760584119940537,0,0.9999958710899839,2
47597,8,centroid_outlier;isolation_forest_outlier;knn_outlier,8,0.998341420740436,8,0.9854052181635763,0,0.7695644029947241,2
47613,7,centroid_outlier,7,0.9999616085160131,7,0.9971517682793114,7,0.9916079844827745,3
47615,8,centroid_outlier;knn_outlier,8,0.9998031200155238,8,0.9241025007474483,0,0.9323925562792353,2
47635,8,intensity_outlier;knn_outlier,8,0.9999994795999859,8,0.9970935478724554,8,0.9995640440966655,3
47650,2,isolation_forest_outlier,2,0.9999994961187143,2,0.9999999968196109,2,0.9999999970225193,3
47655,3,intensity_outlier,3,0.999781869036073,3,0.9996712415377977,3,0.9918553510122176,3
47689,3,centroid_outlier;full_duplicate;intensity_outlier;knn_outlier;same_label_duplicate,3,0.9958323480199565,3,0.9502125452501132,8,0.9985260770860873,2
47690,0,knn_outlier,0,0.9970319775571658,0,0.9072268532052079,8,0.6091872959926655,2
47723,8,centroid_outlier;knn_outlier,8,0.9999099255845918,2,0.5759752216449592,8,0.9795900340536676,2
47741,5,knn_outlier,5,0.9985312254061506,5,0.9997414395166854,3,0.9542571675419037,2
47753,8,isolation_forest_outlier,8,0.99999978339774,8,0.9999875709542929,8,0.9999096575464551,3
47759,2,centroid_outlier;intensity_outlier;knn_outlier,2,0.9768630452313334,0,0.7065505268938008,0,0.696139039302766,1
47912,2,centroid_outlier;knn_outlier,2,0.9998189612397624,2,0.9999933935957768,2,0.9993875759926828,3
47965,2,isolation_forest_outlier;knn_outlier,2,0.9999801966153625,2,0.9946574875649733,2,0.9941433166647046,3
47971,2,centroid_outlier;isolation_forest_outlier,2,0.999996053171746,2,0.9999983616013964,2,0.9999999959754444,3
47973,2,isolation_forest_outlier,2,0.9999995419071177,2,0.9999885544458961,2,0.999999990154871,3
48006,6,isolation_forest_outlier;knn_outlier,6,0.9981133204936965,6,0.9976334384254338,6,0.8057601782471314,3
48016,5,centroid_outlier,5,0.999999901297784,5,0.9999985969025917,5,0.9998300657902947,3
48018,4,centroid_outlier;intensity_outlier,4,0.9998544068920981,4,0.9997157039174724,4,0.9998711378638045,3
48030,9,intensity_outlier;knn_outlier,9,0.998078970651324,9,0.9720210870779924,9,0.9632880371460055,3
48037,8,knn_outlier,8,0.9999999492222839,8,0.9990529190999828,8,0.9999621151297816,3
48043,2,isolation_forest_outlier,2,0.9999970352298366,2,0.9999992894124552,2,0.9999999300874098,3
48046,5,isolation_forest_outlier,5,0.9999841559697925,5,0.9999998603663887,5,0.9999998572711836,3
48053,7,intensity_outlier,7,0.999955273102188,7,0.9993736847123871,7,0.9991127688318181,3
48161,5,intensity_outlier,5,0.9999981798579125,5,0.9999999991497308,5,0.9999995150221438,3
48181,2,isolation_forest_outlier,2,0.999999993050011,2,0.9999999970158371,2,0.9999999999997689,3
48191,2,isolation_forest_outlier,2,0.9999996035900246,2,0.9999999999974245,2,0.9999999995095181,3
48192,8,intensity_outlier,8,0.9999999340280764,8,0.9999955103437462,8,0.9999971313523235,3
48279,2,isolation_forest_outlier,2,0.9999965990314795,2,0.9999999999882647,2,0.9999999999782176,3
48280,8,isolation_forest_outlier,8,0.9979497500163833,8,0.9999520257241408,8,0.9996767266142687,3
48323,2,isolation_forest_outlier;knn_outlier,2,0.9911716835650727,2,0.9999998445408844,2,0.9998437425787566,3
48356,2,centroid_outlier;intensity_outlier;isolation_forest_outlier;knn_outlier,2,0.9996643214691772,2,0.9776255912136723,2,0.9906249033501106,3
48384,9,centroid_outlier;intensity_outlier,9,0.9993569231405677,9,0.9613214376801926,3,0.7755767958326952,2
48420,2,isolation_forest_outlier,2,0.9999999872143134,2,0.9999999804997929,2,0.9999999571284209,3
48513,1,centroid_outlier,1,0.9999998753854347,1,0.9999992245938987,1,0.9999951913330308,3
48524,9,intensity_outlier;knn_outlier,9,0.9792362503222851,9,0.9655359609276508,3,0.8666080726128563,2
48531,2,intensity_outlier,2,0.9999999760299739,2,0.999999999988676,2,0.9999999999880125,3
48540,8,knn_outlier,8,0.9999183504914089,8,0.9967027476905785,8,0.9994355654250956,3
48586,5,isolation_forest_outlier,5,0.999999565044225,5,0.9999435381193227,5,0.970542843362086,3
48649,6,knn_outlier,6,0.9977825306525009,5,0.9999958678796955,5,0.9995198891692645,1
48653,4,intensity_outlier,4,0.9999671540761758,4,0.9986691966704341,4,0.9999278803831639,3
48657,8,isolation_forest_outlier,8,0.9999953210638527,8,0.9985656099824779,8,0.9999990238871499,3
48668,8,centroid_outlier;isolation_forest_outlier,8,0.9999384255454312,8,0.9999400193244786,8,0.9998441270767328,3
48712,7,intensity_outlier,7,0.9999918746758696,7,0.9836747462055029,7,0.9967499021681357,3
48742,0,isolation_forest_outlier,0,0.9999949842591783,0,0.9998633611078329,0,0.9999939472585443,3
48862,1,intensity_outlier,1,0.9998182583417334,1,0.9399039315656577,1,0.8454320699367549,3
48968,9,centroid_outlier;intensity_outlier;isolation_forest_outlier;knn_outlier,9,0.9996989490037801,9,0.9999994894971452,9,0.9999820609967992,3
48970,4,centroid_outlier;isolation_forest_outlier,4,0.9999939321758077,4,0.9998070845287135,4,0.9999479371402814,3
48971,5,intensity_outlier,5,0.9976828288504294,5,0.9978349572957824,5,0.9255341395392156,3
48973,8,knn_outlier,8,0.9999397107432619,8,0.622858675155062,8,0.9972088197968427,3
49064,8,knn_outlier,8,0.999682954290783,5,0.5874587097728493,5,0.3377610520479896,1
49117,3,full_duplicate;intensity_outlier;same_label_duplicate,3,0.9998862800462532,5,0.8741382141375268,5,0.7409813180036733,1
49157,3,knn_outlier,3,0.9997572352140994,3,0.9997247650172072,3,0.9971444470028695,3
49196,4,knn_outlier,4,0.9992277780321115,4,0.987540207963358,4,0.959712529114589,3
49354,0,isolation_forest_outlier,0,0.9997955031111273,0,0.9399410546031058,0,0.9994632519870779,3
49438,8,knn_outlier,8,0.9990233504450711,8,0.9979613923384998,8,0.9489220385251603,3
49473,1,centroid_outlier,1,0.999997715590373,1,0.9999939068302783,1,0.9999752954796677,3
49519,1,centroid_outlier,1,0.9999310516447104,1,0.9996011874585772,1,0.9993692865863348,3
49537,2,centroid_outlier;isolation_forest_outlier;knn_outlier,2,0.9999938776851532,2,0.9999680955867593,2,0.9997762879471438,3
49576,0,intensity_outlier,0,0.9999918458671743,0,0.99997407902906,0,0.9999802711670228,3
49760,5,centroid_outlier;isolation_forest_outlier,5,0.9999996841456166,5,0.9999994460098116,5,0.9999962190162976,3
49824,8,centroid_outlier;isolation_forest_outlier;knn_outlier,8,0.9998714705847193,8,0.9939717431012565,3,0.6351309227288758,2
49828,6,intensity_outlier,6,0.9999723485595633,6,0.9996537781068403,6,0.999999953176613,3
49880,9,centroid_outlier;isolation_forest_outlier,9,0.9945805580834589,9,0.9985272822985408,9,0.9992866628376715,3
49889,0,knn_outlier,0,0.9973037261274468,8,0.9996719256790706,8,0.966790801345569,1
49890,5,centroid_outlier,5,0.9993090183543796,9,0.9894037102858113,9,0.9985003423557436,1
49957,5,isolation_forest_outlier,5,0.9997204478042928,5,0.9126676669820756,5,0.9354877278488767,3
50016,1,centroid_outlier,1,0.9999895737528441,1,0.999996239463493,1,0.9999756215102049,3
50052,2,centroid_outlier;isolation_forest_outlier,2,0.9999965663277202,2,0.9808547989570775,2,0.997561492036025,3
50082,6,isolation_forest_outlier,6,0.9999609768265824,6,0.9999767770078365,6,0.9990390139598625,3
50221,2,isolation_forest_outlier,2,0.9999969853584438,2,0.9999999999918303,2,0.9999999999987763,3
50228,9,knn_outlier,9,0.9965832365452146,9,0.9103589146749637,9,0.5226443414818035,3
50239,9,centroid_outlier,9,0.9983815825964047,9,0.9567224686261888,0,0.9999955231564535,2
50294,6,centroid_outlier;isolation_forest_outlier,6,0.9999714463215277,6,0.9998950244391286,6,0.9999963589648331,3
50304,9,isolation_forest_outlier,9,0.9999991092202397,9,0.9999665908266279,9,0.9999893438416683,3
50308,3,full_duplicate;isolation_forest_outlier;same_label_duplicate,3,0.9984231913360696,3,0.9994329157642099,3,0.9999784143095335,3
50319,4,isolation_forest_outlier,4,0.9999982906837338,4,0.9999610083162758,4,0.9998916225318573,3
50334,2,isolation_forest_outlier,2,0.9999997145365294,2,0.9999999999999412,2,0.9999999999984635,3
50389,4,intensity_outlier,4,0.9999999173184742,4,0.9999984567569706,4,0.999995582652335,3
50390,0,knn_outlier,0,0.9993426379078818,9,0.31289532038770057,0,0.9711462825589846,2
50480,0,intensity_outlier,0,0.9999973232494342,0,0.999920357900498,0,0.9999874334754021,3
50500,3,intensity_outlier,3,0.9998446017678838,3,0.7444883450733818,3,0.7009669773217578,3
50523,0,isolation_forest_outlier,0,0.9999998766300885,0,0.9999999999317128,0,0.9999999999988047,3
50538,2,intensity_outlier,2,0.9998690603918442,2,0.9999957474944324,2,0.9953939372446584,3
50572,1,intensity_outlier,1,0.9991970973363193,1,0.9305505148911485,2,0.8441975665801857,2
50574,5,knn_outlier,5,0.9971367807277162,5,0.8329585947809471,6,0.5053988659818224,2
50632,1,centroid_outlier;intensity_outlier,1,0.9998617088381827,2,0.9534772867734144,2,0.8852892651641621,1
50677,5,isolation_forest_outlier,5,0.9999900920835155,5,0.9999864985348693,5,0.9999984248631705,3
50695,2,isolation_forest_outlier,2,0.999978387446171,2,0.999978492669198,2,0.9999030177537659,3
50806,9,centroid_outlier;intensity_outlier;isolation_forest_outlier,9,0.9999977034090911,9,0.9999970081339116,9,0.9999947850162778,3
50908,9,intensity_outlier,9,0.9853942072136294,9,0.8634313925158702,5,0.7668003484562388,2
51006,0,isolation_forest_outlier,0,0.9999986402596245,0,0.9999590673321381,0,0.9999982669865066,3
51102,7,centroid_outlier,7,0.9999809209167787,7,0.9867262115455935,7,0.997296550079289,3
51134,8,isolation_forest_outlier,8,0.9999979595835942,8,0.9999442916956782,8,0.999992445319636,3
51175,4,intensity_outlier,4,0.9999987885312237,4,0.9997619805236937,4,0.9999675447047666,3
51181,7,intensity_outlier,7,0.9999996846463448,7,0.9999931511944347,7,0.9999997597749062,3
51288,4,isolation_forest_outlier,4,0.9999873180339546,4,0.998874647154926,4,0.9998981474075246,3
51337,4,knn_outlier,6,0.7508892722280601,4,0.6214665202083864,4,0.8090843579873581,2
51415,0,centroid_outlier;isolation_forest_outlier,0,0.9999969682669726,0,0.9999475064831348,0,0.9999611100428741,3
51432,1,centroid_outlier,1,0.9977468883274553,1,0.9302554547546023,1,0.9962864743640942,3
51457,6,isolation_forest_outlier,6,0.9999998088417424,6,0.9999999999177349,6,0.9999999894187263,3
51466,0,intensity_outlier;knn_outlier,0,0.9983551046815214,0,0.8988688069844927,0,0.8444315659626151,3
51544,1,centroid_outlier;intensity_outlier,1,0.9969669664309219,1,0.5300816324335008,3,0.8980061708960284,2
51570,6,isolation_forest_outlier,6,0.9999985062653419,6,0.9999999451198412,6,0.9999999838050508,3
51620,6,isolation_forest_outlier,6,0.9999589680036216,6,0.999977653986895,6,0.9999891727521727,3
51730,9,centroid_outlier;intensity_outlier,9,0.9928408160738773,9,0.997537935792266,9,0.986515727525556,3
51819,7,centroid_outlier,7,0.9999760422082802,7,0.8672043957375125,7,0.99997013423227,3
51824,0,isolation_forest_outlier,0,0.9999998760824373,0,0.9999999851646779,0,0.999999999835844,3
51845,0,isolation_forest_outlier,0,0.9999986796723619,0,0.9999997053125451,0,0.9999999987253807,3
51950,5,intensity_outlier,5,0.9999976677499318,5,0.9999999988529615,5,0.9999997904624945,3
51959,2,isolation_forest_outlier,2,0.9999999993906761,2,0.9999999999483695,2,0.9999999985834476,3
51986,2,centroid_outlier;isolation_forest_outlier,2,0.9998479302132962,2,0.9956244609513771,2,0.5666578026833576,3
52004,6,centroid_outlier,6,0.9993664632885453,6,0.9891034424657891,6,0.9660893021408782,3
52006,2,knn_outlier,2,0.9999999726385475,2,0.9999961826080965,2,0.9999554326368845,3
52107,1,centroid_outlier,1,0.9999955288150411,1,0.9999968694911747,1,0.9965875921277221,3
52170,5,isolation_forest_outlier,5,0.999999875056602,5,0.9999979689634257,5,0.9999994879339713,3
52279,4,intensity_outlier,4,0.9992726744310907,4,0.9970063048497337,4,0.9813970021933314,3
52294,0,isolation_forest_outlier,0,0.9993360978499303,6,0.9626647556651348,6,0.9998355232445405,1
52306,8,knn_outlier,8,0.9997838148013899,8,0.994533943695806,8,0.9910787618307438,3
52465,8,knn_outlier,8,0.9998938184626547,8,0.9970792054053914,8,0.9984136823108808,3
52514,6,centroid_outlier;isolation_forest_outlier;knn_outlier,6,0.9999671567859244,6,0.9998253466744723,6,0.99762950553572,3
52578,6,isolation_forest_outlier,6,0.9999993828598702,6,0.9999999997767142,6,0.9999999909554785,3
52637,2,isolation_forest_outlier,2,0.9999999851915007,2,0.999999987507321,2,0.9999999951671616,3
52708,4,centroid_outlier;isolation_forest_outlier;knn_outlier,4,0.9999969618910476,4,0.9999572860978692,8,0.5192688524008751,2
52808,8,intensity_outlier;knn_outlier,8,0.9968651202146602,8,0.9294612131113993,6,0.751024045103361,2
52830,8,isolation_forest_outlier;knn_outlier,8,0.9999996953143973,8,0.9996051011107515,8,0.9999974067095737,3
52862,8,centroid_outlier;intensity_outlier;knn_outlier,8,0.9998695907220452,8,0.9996333436615766,2,0.6970138120142726,2
52892,8,isolation_forest_outlier,8,0.99817677108934,8,0.993542315774883,8,0.801661947406267,3
52910,9,centroid_outlier,9,0.9999082522877263,9,0.9900891898108951,9,0.6392619005072172,3
52938,2,centroid_outlier,2,0.9739439630937633,2,0.9999201665285439,2,0.5960342913038466,3
52941,0,isolation_forest_outlier,0,0.9999998583210624,0,0.9999998833021245,0,0.9999999793986825,3
53028,8,intensity_outlier,8,0.9989338868465685,8,0.8121145110547062,8,0.3839979438881633,3
53046,5,isolation_forest_outlier,5,0.9999982424174501,5,0.9999998935575669,5,0.9999915356742267,3
53048,3,isolation_forest_outlier,3,0.9999943821744275,3,0.9999721773430411,3,0.9999999453983882,3
53077,0,isolation_forest_outlier,0,0.9998144316070096,0,0.9999898164827439,0,0.9999999980561276,3
53098,1,intensity_outlier,1,0.9994970013833873,1,0.9870878099656698,1,0.9331366596363073,3
53100,5,centroid_outlier;intensity_outlier,5,0.9999998699513677,5,0.9999999598786795,5,0.9999999095924725,3
53116,0,isolation_forest_outlier,0,0.9890558570050203,0,0.9492676523097111,0,0.45159521554769777,3
53164,7,isolation_forest_outlier,7,0.9999490035122832,7,0.9998732988901103,7,0.9989379585044063,3
53218,2,isolation_forest_outlier,2,0.999919879486262,2,0.9997103227288072,2,0.9999994065139947,3
53280,9,centroid_outlier,9,0.9997288601511968,9,0.9998621403164669,4,0.9678295948174269,2
53298,0,knn_outlier,0,0.9970713480250503,6,0.6244307173242396,0,0.9989878263415968,2
53306,5,centroid_outlier,5,0.9999972425108644,5,0.8969793142687543,5,0.9105103354110353,3
53487,0,isolation_forest_outlier,0,0.9999996045633286,0,0.9999999094024814,0,0.9999998132680403,3
53636,8,intensity_outlier,8,0.9999992655620249,8,0.9993691782680363,8,0.9999002146834968,3
53638,5,centroid_outlier;intensity_outlier,5,0.9995695240460818,8,0.9952787084746639,8,0.9582775056310573,1
53711,3,isolation_forest_outlier,3,0.9999997089442182,3,0.9999999897330664,3,0.9999999995327531,3
53854,8,isolation_forest_outlier,8,0.9992424712723033,8,0.9973322077420864,8,0.9808030692356628,3
53912,4,centroid_outlier;intensity_outlier;isolation_forest_outlier,4,0.9989889654353258,4,0.9977292568302372,4,0.9997639857603806,3
53976,9,centroid_outlier;intensity_outlier;isolation_forest_outlier;knn_outlier,9,0.9971076983540039,9,0.9064373393364704,6,0.7601380486048477,2
53996,8,knn_outlier,8,0.9999990464928344,8,0.9952067978882272,8,0.9919358965495436,3
54024,5,centroid_outlier,5,0.9999922366166981,5,0.9997767932383461,5,0.9574997455207473,3
54082,8,centroid_outlier;intensity_outlier;knn_outlier,8,0.9999618239474592,8,0.9998229428370906,8,0.9961132866251948,3
54092,5,centroid_outlier;intensity_outlier,5,0.9999922166809679,5,0.9999664031305406,5,0.9999983373464398,3
54125,2,isolation_forest_outlier,2,0.9999999805880136,2,0.9999999826310989,2,0.9999999999996132,3
54316,6,centroid_outlier;isolation_forest_outlier;knn_outlier,6,0.9999675226414408,6,0.9846746013940328,6,0.999932104626736,3
54355,2,isolation_forest_outlier,2,0.9999974401825397,2,1.0,2,0.9999999999999998,3
54357,3,intensity_outlier,3,0.9999995066240451,3,0.9999993716170722,3,0.999999998414276,3
54377,3,centroid_outlier;full_duplicate;intensity_outlier;same_label_duplicate,3,0.9960858466692822,3,0.9719343202047906,3,0.7791210784075491,3
54466,4,isolation_forest_outlier,4,0.9999999314528938,4,0.9999995107535675,4,0.999999762307202,3
54573,2,isolation_forest_outlier,2,0.9999978171077681,2,0.999994651904959,2,0.9999964056329013,3
54600,0,isolation_forest_outlier,0,0.9999978841267422,0,0.9999998160904636,0,0.9999999926837924,3
54805,2,centroid_outlier;intensity_outlier;isolation_forest_outlier;knn_outlier,2,0.9999848996380921,2,0.9999999867595022,2,0.9999999936137769,3
54860,9,isolation_forest_outlier,9,0.9999964094250385,9,0.9999968879637823,9,0.9999973608150534,3
54868,5,intensity_outlier;isolation_forest_outlier;knn_outlier,5,0.9999721218637069,5,0.9999881205741483,5,0.9999993189711374,3
54943,0,centroid_outlier,0,0.9999943345556381,0,0.9651315852673493,0,0.9965252046850522,3
54948,6,isolation_forest_outlier,6,0.9999966749722331,6,0.9999999331416274,6,0.9999998727132369,3
54954,8,knn_outlier,8,0.9998192468690593,8,0.5013116823824951,8,0.6855835770231177,3
54997,0,isolation_forest_outlier,0,0.9999999006874095,0,0.9999994585282065,0,0.9999999761123498,3
55007,9,intensity_outlier,9,0.9997934660181209,9,0.9995782572803712,9,0.9988241993210124,3
55034,7,intensity_outlier,7,0.9999999668369772,7,0.9990582923792549,7,0.9769538118244143,3
55064,9,knn_outlier,9,0.9990103961122557,9,0.9662381746548542,9,0.712591728791944,3
55218,8,knn_outlier,8,0.9982028874598634,8,0.7222730833194438,8,0.6442271929308122,3
55293,8,isolation_forest_outlier,8,0.9999997850203883,8,0.9999988544650189,8,0.9999993121022397,3
55311,8,isolation_forest_outlier;knn_outlier,8,0.9859495036590525,8,0.9909159226066574,9,0.8807140522454693,2
55407,8,isolation_forest_outlier,8,0.9999999836697968,8,0.9999923726412592,8,0.9999995198978173,3
55408,0,isolation_forest_outlier,0,0.9999998635377907,0,0.9999999095217373,0,0.9999999999696396,3
55496,9,centroid_outlier;knn_outlier,9,0.99929031989733,9,0.973275901253705,0,0.44000011830284,2
55505,1,intensity_outlier,1,0.9963083238348205,8,0.7226421292740832,8,0.9689240240164566,1
55513,5,centroid_outlier;knn_outlier,5,0.9990272654288933,5,0.9380654068691988,3,0.9977314033096032,2
55559,2,isolation_forest_outlier,2,0.9999907900250689,2,0.9999999999999969,2,0.9999999999999836,3
55739,5,centroid_outlier;knn_outlier,6,0.5948139318478106,6,0.8861223385276623,6,0.92906526349869,0
55754,6,centroid_outlier;isolation_forest_outlier,6,0.9998754210903289,6,0.8899266698438738,6,0.995143011050572,3
55774,4,centroid_outlier,4,0.9999998018448444,4,0.9997997467136488,4,0.9999972969851724,3
55935,2,isolation_forest_outlier,2,0.9999994910867674,2,0.9999999967282323,2,0.9999999964694697,3
56004,8,intensity_outlier;knn_outlier,8,0.9999922949868895,8,0.923632180588631,8,0.9888611444794668,3
56049,2,isolation_forest_outlier,2,0.9999993717784411,2,0.9999996994263565,2,0.9999988719789518,3
56098,6,isolation_forest_outlier,6,0.9998692069742721,6,0.9999367117477446,6,0.9999455969046019,3
56156,9,centroid_outlier;intensity_outlier;knn_outlier,9,0.9924168942516671,9,0.71574992094318,5,0.7323589896574731,2
56174,0,intensity_outlier,0,0.9990831012704915,0,0.9351703717649051,0,0.9974259755708024,3
56175,2,knn_outlier,2,0.9999947814878963,2,0.9997078950850274,2,0.9898416372039159,3
56213,2,knn_outlier,2,0.9964796062837844,2,0.999931478137346,5,0.8048244720249802,2
56220,7,centroid_outlier,7,0.9998771838719167,7,0.9609692288380246,7,0.6204138253808691,3
56264,2,isolation_forest_outlier,2,0.9999999402967339,2,0.9999352715097115,2,0.9999995123356309,3
56289,2,isolation_forest_outlier,2,0.9999999176244413,2,1.0,2,1.0,3
56348,9,centroid_outlier;isolation_forest_outlier,9,0.9999451350600951,9,0.999942047695703,9,0.9999564696492225,3
56499,5,isolation_forest_outlier,5,0.9999892126688024,5,0.9994293222268993,5,0.9997977819826886,3
56592,6,isolation_forest_outlier,6,0.9999998395869414,6,0.9999999995143081,6,0.9999999972334936,3
56651,0,isolation_forest_outlier,0,0.9999981525291127,0,0.9999990368628014,0,0.9999996496336387,3
56717,1,intensity_outlier,1,0.999935516924482,8,0.7116248986110714,8,0.49857742204321537,1
56737,1,intensity_outlier,1,0.9999667183029123,1,0.9647853057453487,1,0.9765865165647389,3
56742,9,centroid_outlier;intensity_outlier;knn_outlier,9,0.9915162088748042,9,0.8384967122595545,9,0.8874544298795671,3
56755,0,isolation_forest_outlier,0,0.9999999205624884,0,0.9999999995381144,0,0.9999999999591287,3
56839,9,centroid_outlier,9,0.9958607988621669,9,0.9510123630888795,9,0.9805453738581813,3
56866,8,centroid_outlier;isolation_forest_outlier;knn_outlier,8,0.9983870364070533,8,0.8570218837129416,8,0.6428790423245876,3
56913,8,isolation_forest_outlier,8,0.9999809850728394,8,0.9993031073509973,8,0.9959113883082205,3
56950,0,isolation_forest_outlier,0,0.9999921667515141,0,0.9990855811624494,0,0.9998747383552733,3
57159,9,centroid_outlier;intensity_outlier,9,0.9996637212993934,9,0.9680278255832462,9,0.9470826336324725,3
57184,4,centroid_outlier;intensity_outlier,4,0.9999766415008426,4,0.9997802905441872,4,0.9999013238221438,3
57186,0,isolation_forest_outlier,0,0.9999989243058658,0,0.9999735095039998,0,0.9999956149260761,3
57240,5,isolation_forest_outlier,5,0.9998075094231141,5,0.9999999209718096,5,0.9999999918980672,3
57252,0,isolation_forest_outlier,0,0.9999997690216672,0,0.9999997876426929,0,0.9999999873640778,3
57434,8,isolation_forest_outlier,8,0.9999996407679399,8,0.9999793335502434,8,0.9995630446562481,3
57509,2,isolation_forest_outlier,2,0.9999861569764698,2,0.9994876753321204,2,0.9999979909569213,3
57514,6,centroid_outlier,6,0.9999978126384242,6,0.9999879025283512,6,0.9999982881626298,3
57542,0,isolation_forest_outlier,0,0.99999772459677,0,0.9990414091812421,0,0.9999680055483803,3
57619,2,isolation_forest_outlier,2,0.9999989023712372,2,0.999991615080222,2,0.9999829954932032,3
57632,2,centroid_outlier,2,0.9999644491602729,2,0.9993960559278926,2,0.9999964341718222,3
57640,8,isolation_forest_outlier,8,0.9999936720381475,8,0.9141946912449659,8,0.999962770237458,3
57670,9,centroid_outlier,9,0.9999421689539555,9,0.9999898603878848,9,0.9999899839128289,3
57728,9,centroid_outlier,9,0.5329413052591856,9,0.5396133696538059,5,0.986090549652271,2
57880,9,centroid_outlier,9,0.9954733289053442,9,0.9964291134006331,9,0.9847088454947899,3
57898,8,knn_outlier,8,0.9999670353306923,8,0.9975683317443916,8,0.9980601779080224,3
57985,4,centroid_outlier,4,0.9999970982274208,4,0.9997347884739478,4,0.9998725887137284,3
58046,8,knn_outlier,8,0.9999662321796984,8,0.999974970274722,8,0.7337104578938485,3
58199,8,isolation_forest_outlier,8,0.9999999940339186,8,0.999993432530397,8,0.9999982997661316,3
58241,2,isolation_forest_outlier,2,0.9999989845434438,2,0.9999999543363175,2,0.9999999821578153,3
58390,4,knn_outlier,4,0.9999966934375656,4,0.999754434781325,4,0.9659769540916764,3
58392,6,intensity_outlier,6,0.9999992687780388,6,0.9999999724081571,6,0.9999999631663108,3
58394,8,isolation_forest_outlier;knn_outlier,8,0.9999871541777577,8,0.8609996719845476,8,0.996623913464088,3
58429,2,knn_outlier,2,0.9872291882150136,2,0.9982613993824755,2,0.99990747751794,3
58430,6,centroid_outlier,6,0.9872647240835546,6,0.9980197831625061,6,0.5295940818412391,3
58445,8,knn_outlier,8,0.9999760893431234,8,0.9985117568067421,8,0.999092353200977,3
58560,0,knn_outlier,0,0.999151581895003,2,0.8895056039815902,0,0.8135494068096715,2
58821,2,isolation_forest_outlier,2,0.9999970380317523,2,0.9999998924062761,2,0.999999207236237,3
58824,5,isolation_forest_outlier;knn_outlier,5,0.9999994581623692,5,0.9999999478375253,5,0.9999945931505161,3
59154,0,isolation_forest_outlier,0,0.9999997234323162,0,0.9999939119897827,0,0.999998343920152,3
59289,1,intensity_outlier,1,0.9960223080030826,1,0.7132186877757722,1,0.942171057381555,3
59309,8,knn_outlier,8,0.9991212623386048,8,0.8716728620472305,8,0.9836356335976603,3
59339,1,intensity_outlier,1,0.9997827056807864,1,0.9979223578138309,1,0.9846010696130426,3
59354,1,centroid_outlier;intensity_outlier,1,0.9991389271921626,8,0.8927455499492707,8,0.5969549491505964,1
59355,2,intensity_outlier,2,0.9999992921153535,2,0.9999990414114636,2,0.9999999173693493,3
59358,5,centroid_outlier;intensity_outlier,5,0.9999979729852201,5,0.9995468171911975,5,0.9997164920242697,3
59361,8,centroid_outlier;isolation_forest_outlier;knn_outlier,8,0.9999558053698391,8,0.9783625714945422,8,0.9230944774651143,3
59365,2,centroid_outlier;intensity_outlier,2,0.9999986615438647,2,0.9999999900709239,2,0.99999968607528,3
59368,5,intensity_outlier,5,0.9999917582926598,3,0.7863083846511274,5,0.9245486962254093,2
59377,5,centroid_outlier;intensity_outlier;knn_outlier,5,0.9999608972196447,5,0.999996157616144,5,0.9999967689834369,3
59382,1,intensity_outlier,1,0.9999847958103385,1,0.9304111432912878,1,0.9465158267016408,3
59384,5,centroid_outlier;intensity_outlier,5,0.8901628979069725,5,0.9417470803019374,5,0.8246296195265995,3
59389,7,centroid_outlier;intensity_outlier,7,0.9999999158611341,7,0.9999999964834898,7,0.9999999993093192,3
59393,8,intensity_outlier,8,0.9999997674184654,8,0.9999049660576232,8,0.9962808367998792,3
59395,8,centroid_outlier;intensity_outlier;knn_outlier,8,0.9999743089567343,8,0.9879096578851498,8,0.9473921419691299,3
59396,2,intensity_outlier,2,0.9999779678181617,2,0.9999999999796938,2,0.9999999999764171,3
59399,8,intensity_outlier,8,0.9999145573443454,8,0.9969417608318685,8,0.8018296801862158,3
59400,5,centroid_outlier;intensity_outlier;isolation_forest_outlier,5,0.9999360865628831,5,0.9744819751867285,5,0.9981381695088122,3
59409,9,intensity_outlier,9,0.9999275265229883,9,0.9998715964904696,9,0.9999976209343613,3
59410,2,intensity_outlier;isolation_forest_outlier,2,0.9999571296609148,2,0.99999999999999,2,0.9999999999921143,3
59418,0,knn_outlier,0,0.9907288522783646,0,0.6928736887288768,7,0.8783044795076708,2
59420,0,centroid_outlier,0,0.9999315748187165,0,0.7222576133726093,0,0.7984925318333028,3
59423,8,centroid_outlier;intensity_outlier,8,0.9999404170270922,8,0.9870197146476342,8,0.9957777675700408,3
59431,6,intensity_outlier,6,0.9999965561487875,6,0.9999901573494976,6,0.9999999755772596,3
59433,0,knn_outlier,0,0.9954800424252718,0,0.8642062803820014,0,0.9997557991352232,3
59439,0,centroid_outlier;intensity_outlier,0,0.9999994253566304,0,0.9996880960226173,0,0.9999840390730333,3
59446,5,centroid_outlier,5,0.9999979895643958,5,0.9970353825130653,5,0.9998961541390567,3
59447,8,centroid_outlier;intensity_outlier;isolation_forest_outlier;knn_outlier,8,0.9996622518806833,8,0.9227303584124562,8,0.6064667405978846,3
59452,0,centroid_outlier;intensity_outlier,0,0.9999998198202709,0,0.9999999920602404,0,0.9999999999979077,3
59453,6,centroid_outlier,6,0.9999991110044185,6,0.99999996687377,6,0.999999984485372,3
59456,2,isolation_forest_outlier,2,0.9999998159787707,2,1.0,2,0.9999999999999984,3
59459,5,centroid_outlier;intensity_outlier,5,0.9999978122458614,5,0.9991848754282581,5,0.9993373990845229,3
59465,4,centroid_outlier;intensity_outlier,4,0.9999998854138679,4,0.9999777609658017,4,0.9999948593253805,3
59468,7,centroid_outlier,7,0.9997410637737566,7,0.9864411745248819,4,0.45292506989342274,2
59474,6,intensity_outlier,6,0.999900663318766,6,0.9999869308204988,6,0.9999996118978812,3
59593,8,isolation_forest_outlier,8,0.9999988217475467,8,0.9999313230988802,8,0.99997710497901,3
59658,1,centroid_outlier,1,0.9999994406147636,1,0.9999968826973686,1,0.9999763540018373,3
59669,5,centroid_outlier;intensity_outlier,5,0.9999989159786284,5,0.9999999999084559,5,0.9999999998376894,3
59734,2,intensity_outlier,2,0.9930046805598457,4,0.9028985388504889,4,0.9770648189901835,1
59813,8,isolation_forest_outlier,8,0.9999999891590309,8,0.9999737308617922,8,0.9999998704244119,3
59919,1,centroid_outlier,1,0.999597015903871,1,0.9999348602125232,1,0.991909923396471,3
